,0
0,2
1,0xd985d71e004f10e1034d5c152dea402496509d6f2b2643e215b7766676d5eee0
2,0x053c7cc5793a139a48bdefae5fc8dddb784bd95d2a3824b2894ed94f8461d0fd
3,0xb85ab1bd4cdecf2ba8e83d8d548e85b0c4e8dc3582a9736b8fb80515db4b4c35
4,0x0630799fd39334d5ef20c9d752d11896d9158fc1378d7aa0d02f791e21839a4b
5,0x557879be1ef3edae14ad106bd61d878da542ab950013f4f996263b0a18779e02
6,0xfe2b1f141254f51ed0e064721aa0f005f435a65677febbf617d5fa64f49d1580
7,0xb644489f82264d84cdccf2a1a89ca0e9da02afed35349d822b27a58bac5d481b
8,0xf298b9e63ce3a0233f5ca306d5cee37886f739fb71530e32292222b57bf58990
9,0xc88cd0c3e4f0b1068c3bd5122d85a2cffdbb99df2d35e46438d23ec3e0b5a9f3
10,0xf3bce5cc6f8d767b3962634560013def191ff501bf8760d7fed61a27f15b2685
11,0x5d9e3b5e06551bfbd58b1ef523e518f1ddda6693b6c26588c1b7f43c561f9549
12,0x19a2bd8730675bd72ab2bffb272269a70e443742200057b0062b36b8f086821d
13,0x8d94dd8480739fb63588fcbaf303c3ea08fe0586649ea212404b5faaa999dc48
14,0x6b97e3b89e468d202cea40b8eea1761bbd9c582076d652d304bc858aaf2c23c9
15,0xefcea1130a27bcb82d1d8c769db4f0e9a038c433274f39fe33c31f1650818c63
16,0x3d46e39ea86c1780fecb8f75aae5c02a0304cdab149f5b14edc361b7ae765431
17,0x170896f9417cc5a2b4f573741651f618d6110814bd5e9909ebaf259a8c3398b2
18,0xa875761bece8b9841469f08e9a23ddd125b28948c5489c3cc64e7fc65a948809
19,0x336733cfa27ab8269ffdca9b3cddc2b4da6257c0298de60d50ba357a9cb50dbc
20,0x4f1f2494464abcdaee3b5a083586260a2a57ed29c12e41ec3f258ecbe39d4227
21,0x1b7cab2800ca5d7480f60b5c4d40a199406b18bf264955f5f3aa1150263573fd
22,0xf00c6dbaa80327ed56525edca51078504d787ced17e4408b0673c5bea193782a
23,0x564b38dc3fc780940927fe91cbc0331c2c0ce22243c04f253b43fc461202990f
24,0x10600749cc4acf4b23002dfb0f9672cad040b6d5c18f7db520dc805ef261cedd
25,0x526c60740cc2b3c92a7a7fba490b9c9cb152bcc410174ff416e8975c8bc55ba5
26,0x92029f865146c1cb053238626dff9cc9dfb0d18a5de77c526dd3173f6119dbc4
27,0xa177bace648a3d0c495b5aa17ed788d7657045ac22bfa12b6a294f5bdf7d10a4
28,0x892b39deaeb573791b3779f84593efaf4c26df5b2dfd9f055372c63be5b03118
29,0x82fbdc7535214184984ebc8e98858001e24c4913d0ab15f70045863a4290cb92
30,0x46172d0d1c1bb659758557837292ce95d2d22440e832ec2ccb41a4668584c6f7
31,0x0d376cc24c5122ccf7d90b3d6cfe83d2754288fccc9ce0ba400255c26dfd7ac7
32,0xc27f6c959c7d10d06a1c7ce2adc9c64bd28264d8eeab07fb9c65549bc667986a
33,0xdd0d63546dc2814394c427143b223635f71e9262036dc13d27564339a7b2c0c6
34,0x313e6dd077e41f368b706dbe99fa4a30df5f438288ea2b1513cd5c198f0b1d54
35,0xf5cd9641b8c0ea659511895cae0ab7a86a2dc75933523f4887a00e92652cb6fd
36,0xcc05e1ca644f36f8278368ca5017b6dcf1ed41fc7e35d64463498fc224a7a283
37,0xfdd52047d81692c33d8ba66548d9c22c68a02444a0c954960be4b03b7757e5df
38,0x7683cf369a0ffeacc95010fc258730cea8179717efb73cbc69377d99f2db4add
39,0x282a2ae825954f44adc5c9cbf96586b11a5a44adb80301807c789f4b6135afe3
40,0x35444fd0bd854b0ad40f603867942826edd8d93fdd62ed07d90f8a7cc21a99be
41,0xdb6762200267481f7cd6ea806452977b89c6572e3cfaebb0a26b75c5163368c3
42,0x314f2c9edbeeab95727d4c5fe6a0b86219f0ef0d3c85206eb4eae3419810df04
43,0x1c095fbd9a3d9e24ef057afbdb875b27bd11855fd7c99ffac104fa81fa253f52
44,0xc114bd978251446121f67817e28cbd2b9c108f18b414faaf18147e34f15778c2
45,0xb3c22c576c7fe4044ddb0d9ed96b94ed4d9efdd3c3bf2db18766bb852bb5ea88
46,0xb0b309946a2ccdf07d55d5ed54234f58f3caae33356f7083f67909a515c165a8
47,0xd2099d2804333db96c4a89e3ffc86e110b7441586e123cbb6b557ec13914e5a2
48,0x1de859fed7ec7e2d9c14ce34d018d77a8a3b9769d194c298865ec25267c6cbfe
49,0xd439caf3aed8947a471717fc9333513d4323e7de39a247feb06b7b2a38802100
50,0x17954a2ec25fb0ca95ec20e4971edb887b56edeedac92ef04710d51510fbf015
51,0x11cc43718cbdd16386afadb2ea057f8cc320752a76612472c713ab8d5828444e
52,0xdf6a535d0bc446705ec0cbddfdfb20fbb0ef14c8f365c0bae36ed891b2daac0f
53,0x77206aa7dd0d8ba4259047864c3d2798d2e0bbac103751211d30eb372bceb1a9
54,0xb65e2edb875db5c751234fceb09bd702eca3fa9f9a03e6ebd00e19fdfb16c5e7
55,0xa251159a8867b25e51bf6e6d750a8fd255b7a196e56b5d6e5cbeb17e7335dfa4
56,0x335a09b793e48bc76cddc3cd87dab46240ba6aaec79c12b646d9987409bb96b3
57,0x5628dba878c1e676f096beb4ac9553eedf8ca39ad2a2543ee19b10f6a986d9b2
58,0xf50d6b04fcf03288bd91e5dc7e04374a336bbc2e905c9d77aaafdb76c346176e
59,0x676dcd5b035de759dcfd7b63e585fb14afb51342641982ff7a0ba3c5a3f257b4
60,0x75348cfc9309f117a0cfbd74895c24a3b9a727c2a888618862c6cf1d03228339
61,0x50332471919783b20c9617974d43c804a2b609ebd7332e4b93a07131f39b01b7
62,0x543346d7cdffb3c2d3633c6abf76972fe121c1c7ba26776f84caa02939b16af7
63,0x6019109e57c4c3afbe8f779d14c1b62a9b0cbf0e43c1c9036887b8e872d7eb0c
64,0x42ee05b92264ded344bddc66a18a6aa2f9af12d87a8b5ea10f066939789311d9
65,0xb2b0a4de22c400c2d6a07ba3b4f1192c32ceeb576dd36686f4d76eb3fa4d2b4f
66,0x107d85c4dfc17b1fbb0493ad1f3320bc412c684c0a242da1cf4b0a7248a8aeec
67,0x154e0ff7ada89e9a080394d7ff758d9a973617967a80da695099bad64faba421
68,0x3ce021ce0b0a17d9df3df3733983711b48c670af4d20153de0142cac35d3c5aa
69,0x9c32027e5866b958159c1cb6665200f651b499c9d80bbd8598803235006ec35a
70,0x89395a02d46c99916e66cc2cb28cd7e2d83f9e2ad74fca75531357b796a24e7f
71,0x8c85c39111f8141f09412935baca9116282f1620199f488dffe8e09548009621
72,0x00ec3612fa37909f99f794c1699a6e1826a0a2c8d8ad93d9a01bc420179f7491
73,0xaa5b6ae9972456484bb262ec7b9fbe45c80fa1158b01496a4518d4fc60f42fd1
74,0x90840d84d74ea5f9a7df1b58fd1a4f171924dcef2e9aed85e41995ce96572c91
75,0x714106b1045b3c06a3d08ad387e008785737c1b292362ee4c94c47534fbb580a
76,0x245cfbd8f6ca5cdfce0fbfd3d760e6be7314321620c7d1f7d624f356df263bbd
77,0x184242274bc992eb81a62c77d595d4ed3b68223d05349aef5fd0bcdb792c0ee7
78,0x1abd8e0cd885da4e79125981692ca2314c1e28a2198345fc644412c38985e690
79,0xdb9e48c671ba90033edcb2e97e1a6ed8670e6579ea068ca66f69a9683224457d
80,0x493f38b1625e75d0fa5160af436859c3d4c39de3dbdba60fa5782120c6634265
81,0x3d4ed166b6f34bd813f0cc7c524ec051126e3ef7474edf558df2b1963ee3254c
82,0x63b8d95a6d47299a7ede3f3dbe9628d352040e07af5a82b254aefb26942c7ae2
83,0x44e1ca2376b16669703ccdb970c9ed4925dc8f0fb872b277694c0646b1b53deb
84,0xb44c25f619026054fb021c1123e94a423806044ce509d24af92a45a15774849b
85,0xf49a9011140599201104cb47cbd712b9f487fc14bfaa9bdc81898fd6656f5e33
86,0x534259a7ef903341c306a80923cfc7c210d8f2b4c90daa59aeaae2f732fa6d32
87,0xc1fc033f1ce535cf24fd282d57e47f8c062d67fb820449bf6ead292c02535760
88,0xfff2bc6fc31ae8170a718359612ea25a913463d28e0d8445c87858dff8d73814
89,0xb064da5d73f0ae0eafd319bf5f7a04171a618c00487cb8609c0293e4bcf6af17
90,0x8aa1ac9001e286ab6217ae25d02ce670191b7fc38dc3434719833fd182d9c768
91,0x0a6fe3283f04887e32f36eab56652246583c56309b64f8b3475c9fef29caed54
92,0x85dbdd6f75181beb9624fa5c71513f6ee568e8562e10aad460c5abd201e0b3e9
93,0x40385c4383770708578395096d2f449f363bff31ecae23d663b76ba549bacf78
94,0x03ede94897165c0fafdb1ea7a878b1e4559e5d370f1e0808daa600ee82efc478
95,0xf8c398cf2bffc708a0153505e9aef552783fa406bab1482694a7ff5752a3fe8a
96,0xf83dcba5823f6c77a4dc2c7baec01d7a5eac604f7a86f2358e1e53393e1ccc78
97,0xbf6462168db80fbf8777ee8ad6d836bdb5043b7c1b7815cd8758321c74b690e8
98,0xd0f8d7e65b43b44095df46902e65107c292de501308f329d3a0ce3fef6ee6479
99,0xcb6ad5437d9d13622601ef2a3dd1a2ec91c47426d8f33d9e594e463bd18cc424
100,0x5b92c392f18d91526690b8def821e1f002a4e33de63a2aa6b7245e58c244d796
101,0x4334906c59626152e36dae06d45d089e337ccd5c24c41af654e47881f95f8182
102,0xd7d1db234be2f67643f40e63fd66ac284c96a91add3c76e54489d18ec2fb7b72
103,0x8abf24a3d2bbd938bbc20437be7f7c3abb6bfd62b81fe8f3de09147548c53eb1
104,0x64ab402c541801b4a0eece76385e6b9d9998d0a459f73376b8691bd21a0ab8f4
105,0xbb9d8321c8e57abcf1e69e558f60bbc8ad5ad07d95144124d0030619711142fa
106,0xc5bc2dce41f6bfd5827895169b8420a361ad4971180f775617c9a7a73ab4574f
107,0x79252ef0607ca1763962507d4d894cd0aae80c7319b7145401221d7c288750d4
108,0x1d531584788f3742f422fff8e12030df5ba110b16c9274364cb38c2861eedda5
109,0x4b4017012c70d215c993c61496768fb8f7b8465fe661868227ff72e305da240d
110,0x03df484c49229924f53fa9ea628fa09ab15ab67ea27d99b63cb24a878302e5c5
111,0x5789bf22a4cb52db63b272f97535005e61e52d65e1fc58aa55562575b38d78f9
112,0xda7fd2704d506812159650b959f02361660c36a458f838c0184ed7414cc674d0
113,0xa813d67a0d98c2ca37aa46788848a2e50fec0508352b609874866ebf65a00a51
114,0x2d2dc897d684dfc980dc3b84df6c66bc9bb058403437c45f46c9699402cd2424
115,0x015c2d035fd46579fdec1fbe4690218d787626e772fd9099d5aac1810bcd6f8b
116,0x1be5e0fb0f603021a6076ecf98ca938ed25eb3787c67460b46f0c0891f183a31
117,0x9cd51a95f2e2197178378e58a7f3df0a39281f182b43279877960d20c1820e85
118,0x1b4677794a2d0641f993e4d706cd5c9e4f5660c1bdcd0a2e6e11e1ac63799938
119,0x650ff3ad4c07983a4ffa1b79eb8ac2697b32b32b28d5753c4b8b52f838ebe587
120,0xd130081a18bf81d831f23eb3542478260787f26126e17758314e7b786a14bea2
121,0x8d3c5339c23c722e993a6244484ffbd2c580c361500fbbfb6d477832d98acaea
122,0x951d27e98b70991bf6d731f3f921c06274f84d0a9edd9b7a1971edac08e76967
123,0x773ca22bc542474edb6ea778b40b56c70e0aba9b424df4addbaf4d1288fa6c0b
124,0x8c25be46ac728d6479ca3c6fce0f2bcbc5d2b188d97833be58f09d1ba099cd68
125,0x3808a0a1a86fc218390d5cb83cfd9f023b3d8c1978ede5a6e671c79d8f89dbaa
126,0x6f74525d7e82f6a939e0496b395f75c487a65eea16d3f1e5cbdc464ab4430cc2
127,0x65007e47e4e96fa049ae94bddbb289a87a006133c85af3b872a5141ed0b1ea91
128,0x09042d4d620dc146e45f030c77267041ce964b3be381f389929c69abde6d813a
129,0x0555d60316786a528189b5141f2a455b0c4056dc524b87f5e9d546c833591d56
130,0x66157a86e6a44fb5e949953ef8fff506c31a6912a358f2babb186754fe535a4a
131,0x23939b32aea4934de19a4dbe4b92bc55ea2ea4a8f5a103a87000658b99cf02d1
132,0xeb3d2d4e5e4375d9cce28a02b8c7557986b1951f3f664f9d282212bf725802b1
133,0xa21b458b851785de8e46e68a82e5770a775cb51624b656a7d44998b09065775b
134,0xfe1c32631f0d7ecdcf79e1262ccd57080e9eb4c0a4cf9870a8f9df509f7f29f1
135,0x6ebe43fac530931158fa84c31ca84affdb298ff76139b99d24f49e44441b2d95
136,0xe676dfec02c41d15705f802c40f30037e562b717d3f1c9a749b9f87b1c758b1c
137,0x1a09121bedfb0a6cecd1fd9e07c54374fd34d8dee9aff801af9783e7f41d29dc
138,0xa7bea73aa6bc851068df85bbff5aab3895d2504f41653f8d07fc6ef91ad23090
139,0x86139726120b3901c49e91b2f574f705c96ab7f00d596e6e45df7e91d7dec783
140,0x70b6cb1ccd3d9797125ca2913341c89f082c83a342dcbfb47c3d55aed4ac7b3f
141,0x8d7d15bf29f32f42def98a132dd6910b3a27ec85c268371f4d8184b45012cf80
142,0xfa815bfceaf16eba627d7118f9ef56eaeb25dc9d12b5b61506dc65ac0d1096ef
143,0x24f71f905961c2f2ef2ae9ce9c6901d4fbe47d18a21924b82d10840ae820fd52
144,0x2c8ab735f65faaac0bd810fe1d9825c0e23608f06ee22e4126688512ad61c756
145,0xb5a609d16206e0c3340ae5dd24402c6cc3c73800ffa75baecfcad0cc5240691a
146,0x90aab4e8d456247bb7bfc305ff9cae4a1b8930a1574916ea94891e8273f225b0
147,0xfe0edfb708bbbac6affad6b487cb7b9d2f26e951d12eea46d08ca9604b1d2ad0
148,0x05f32c546a1a90249f7248f934554bd86fff26f18b3bd86b73b820275be4bab0
149,0x447457173c8c15ccbcdd6d3e3044cde099b38a4d42fdfde375bf45339ceb7500
150,0x0b3f6c92b88ca4b55103e2c9e0f7fa74efba855195d99d9d4965df1c7bedbfc5
151,0x526cb90d8009c35d0a7db4817e606af1a43c677604eb59d7be0a716ab736fa38
152,0x7952364b5e38800bade9a72bba589fc50194f3da35c2bf200bb439259d5ffe7d
153,0x5725f1108bd1b82e73505906ebc3d94ff7f9a9c7341da821beb62edf447c11fe
154,0x6614e9dd0d901f86a85f95a7b17fb96e73f5a323989d34fa9e42c707e5d7268b
155,0xb8ca8f64f58d07c5d4d9c392324078506c66fe5a9ece69a55ec7858ca6be3c2d
156,0x99f0d2799aed276212a063d0e0d2ca43ff79eed8dc81386ddff9b22669948bb8
157,0xcc7a945a35d213e6e061d98d1418eab9da97a9c064f70bc4fb0f1ce0091433b7
158,0xd0b1668efc9b0f2f534b9477503a17686e341f00e47de12e2d10ba4124bd38f2
159,0x80ad5cb6ceceb1f77c15112439190fd3499a1193498e84fc205d5a24b8484e03
160,0xb726af0b0f7b5b483c0dd0de5c02078731e9e548d3f4c3ba39c51114d7a2d1ff
161,0xa495f07eaba49316a2366ba79320b4124342d15d0f45063996cd6be292cb1464
162,0x17fd8be7f4cc6f33f37d68ff300a487c2568c9ab9e2db8d399caa07fc20bdf30
163,0xa62a023b677bbb8cf08c9e431553b0d41d3b6923c150f746dbb31de0ca25bcf0
164,0xab57a3775a908b7f8bfdfa307ba96ef0c19052dc9069b9023d05f5b0f8fac0ae
165,0x5ac7260abdfd270c2f26e6a12e26926533ee19ebc1f848fb43d54b9654cc264e
166,0xafd515fce574276aa5503cd0db3e316e1e098fb13838079c2f13c5a4d7b7f9b7
167,0x45dd6f5a1ca7bd5e5225fd2a837ad91dbce627c8a8e752f40e4632145436f001
168,0x8293eab3ff888b7f979dcc54a69b3b30cee294538db59cdd9d62ab0ce1924fce
169,0x9b54d9ef65a5266a1efcfb1a0ded04cc0b00c33c13af7e9809ae8023c3663e4f
170,0x1a64fe61f070e5dacb24277dcfdd488c58c0e74a11b64d393f9339714cda219b
171,0xf229972c44ae21fe1b83726f1083e3e7945b615fc148a575bdb97bdaae55a731
172,0xf735135693e2d797c1d51400b6cb73d6a3de82907d2a020ec0b3a4c0e60b5a0a
173,0xd6292f9cd6c5a5db69bfa71eafef73cd053f13764b9f15bed83ff7e14fe282ec
174,0x8c069518d54a046b6d5a7fd55c124e3358fb7ae9353ed946b9f7068e5fd1f5c0
175,0x362df67751a0943384a2ec24276218c322054cce3000164bd0441416a33768e1
176,0x6a60e794148ac6a0b53e9e885a54d8051ec798ac1eeec8f62cab970f0570935e
177,0xf61d06186147f5b97b8d6793f1ed84a107458c1da6cba7008c90a53e696a392a
178,0x6e40cb742d612d8ae4be574196692099980277e3d8550e8c74ba35e4f2b0bcd1
179,0x670384729b8defbd4136556c50bd962c926bbfce57e448751e94507c66e28555
180,0x3d78ea673c9b3cbadf6e52405a5ef19ccea235c9f866da026c4c41bf6a28fb8a
181,0x4c946ad4d585932350744efc906eb3bc935c556f373be860b74ac628b79d776c
182,0xd32d17aba8420a563d7aeee41273453c08caf70f8d7810fcc5250dd0cf7771b5
183,0xe2be62dbd846dddd07936261820580909b7a242dee8bb618bdb90befc2c2b7ac
184,0xd9241a6ee40a5209598bff020883b1466176e52d213ed756e5e4c9cd661ca6dd
185,0x13466e3c693c4bec2c250ca48869b234b0a004f2e9c3a5e97e3a6d62d1ed2042
186,0x129076c5c321ebae7303c3fa480ce1189b5022504a8f468415f42516f7e2a48e
187,0xfcc249834d60f7da9dec5bc9d927b8ef86e3833d1afabbd9c23558ea70cbb15f
188,0xe7fb957fcc6d69bb343efd256218ae91c64fe7b9e5fea4df819c76e0c3e854db
189,0x0dd0c4c1f35c16adf54a84b0ea613431e117bd001728de372abc0e855727b509
190,0x256566f6c7e9a9881fffae8cbcf69595b574148c4d32c1ebca1864abcc53e160
191,0xe07c800a991f98649b778a91cf9fd6c641f5c91f3af9c537bfce7b160e7a6cad
192,0x477d96a24adb9a67be34c23ed6e0202ea7be6eeb4e467684a452f1bc3aae74d7
193,0xbf49aee666a5684d1c98a9f2a93f3de79fada9eab0d6532db759821a2d09bd10
194,0x97508951a707fbff37042a987672236bc8d73758138cda283e41ee7371d356cc
195,0x326f5621686695afc54a92670ab674fe315943fb8e00df6ddac9b1603eba23f3
196,0x370763bc848fabad158c8202cb274c9320e79be389a7c0d8761e9bbd9a94dc27
197,0x2c5abc1f4b713a5809066b09e1ec52d9803dd9546c4a88b305b086c55d09e1a2
198,0xc51c3874f7f0edb95fe1128b1a33bd356dabf1d7af66eed19b7073252bbdb3be
199,0x97e0600bb5ea04574ce2e2d02911840088862ff3b97bfa383e4749d55d33e14c
200,0xe3d31591c4323e221707266023cb94e1d48c804692f2c1bf3d12d3c04d07dfd9
201,0x5c3e8db90701aba1b049d0c0d0796a218d9d278ca308edc382270c81791fac9b
202,0x6918b7a48b22cfeed843b4350cdb3f836f0d7c33cc75a87180de7e01e0dc7cd3
203,0x461be50e6ae2a11556c082d1d4c070e243147e2e7188de88d50cc6e223833bb2
204,0xee6294d89f58ed0da032c3f87c4dd8635320e0f9aae1bd7d27dbff440e30d0e9
205,0x7b2559007b0f5f90009a3e0472f04bfdd5c228cc97d84185fac7588e9c4f71bb
206,0x2f5e1975df1a52bef24c4cef7123a8a920748258c865a9dd229db6ef0c30adba
207,0xc326ed2759c626e905547fb241243a71a5c547debc1c6963a24630d4b48e4d88
208,0xf1c2ef7854492c337fa7749a7fd4a30cd607722a4a6636d9e71f13dceec66a88
209,0xdacc912b1b8ae7396ed457ad2e3f1f6522390aa7b5e71d32c9b04bba5dd90ec0
210,0xbd880ddaf43324773d52f1c5ff4e480c0b98f5e5ca0d0eec4089f9f71607e668
211,0x641257f8d96133c527803548b5102ab3497d398957c0f5c8890ab5a1886889b7
212,0x8b86d84eb441a69d077479af47e8268dcd5ed6b54bc8227b6040651ea11125e5
213,0x8a73816183d238f4cb65b3407c55a9cf79107ee5ab8f2de7522609a728357581
214,0x61f3ab1239b34b563553a60222118ddc7198f5e4b7db91bc6684944e84bf4676
215,0x39ccb94b8e9dff42c695c89f6c1be20e694de8d06e58f117942525c7f8e13b7e
216,0xbb712eee146fe769d60305ff9a8e6d6793146824d306669b89068b476b0aa4bf
217,0x389fb1af0b16c7e403c7f976f990313c3f40eab32b5cd1c03e85060f5f188627
218,0xaaa1a6ea6d842a5f0d25548f024af19aef2c8a175552f881f7ee1e1f6767487f
219,0x888b8db514a03e27f16aeddc2b8c978099e22e7121f46427cf1938043a0c1c22
220,0xf843ca61e7f7a6dbbc150b6caffb5f04368bd9c68ba91feb9eddbc93eb901dcc
221,0x391eac90a03a479625a69da4507ad17a85616d2280c97b7a094f870b06c25de9
222,0x4c0dc3c8e95cac69b2e2614ce388fcfdd6b7b98eb6bbc52693ceac91ae24b7e9
223,0x73c7a3d2c2582e9cc7ce4a9590f2aa246b8385a07e3f8eda9e071da38049db4a
224,0x710a4a177099c3dd029e54f41ea1f6836b7230961900ab0c48be0ee2f40d98ce
225,0x81958acbba7bf1f8919386d23e8bdd36e6896337159ca06f9fd880a91ede3e14
226,0x16f40948328bfc760f483872810f2289e625cdce301101902488fe36d488dbd8
227,0x78b126294ea7b4177eab8e499773959fdb50a0d6a06709aee94088c534bcb00c
228,0xc623c037412e5e75571ee5a2ef157828595a42b7ccc48edf7bb16a74fa147db2
229,0x6d2fa28b559adc97651615b137c64964a0a88b60058d190348183609bc1859e5
230,0x475eb6f68564a2d7bd116c4473fd1992d0b5a7cb04558e685c7d254c31628156
231,0x3add9d5be9c68a315ec0d84217948835d4016371ff5a428e93184d3ab5e5c7a5
232,0xeefc30fd41b76334147d4243d3ee704fb4c4bfa220e223224fb8fff8fbe25c47
233,0x1622b39c32eb807eccd9a023d62a9e6723fb287cc7b67ff2151de18c7b0eaf53
234,0x3c312d60d810f5bd452253128cdf227017a0a586c81c4c44a8fb8283cddb115b
235,0x87f2b8977b8743420e9d0de9ef85d65d0db8e31eede3c886935945c4492ef697
236,0x63127efeb46bea0b8713eb3f101658ddfec4008b360afdfcbbfef5dc9528c7ab
237,0x481569a08d4e83610c5b9771d083f49f595dbcc18d55598ce35c13e8ec21e4e5
238,0x44ebbd348b8ca755f4b7ac6d7a375422e34afc865636685c9770dde9bbdec91f
239,0x16f6937b48b3f33dcaf4e70353666489a62b425b29673136c2ba284194bd1ffd
240,0xfdc8b645c4047e4a822c7ecc23a368df894889ba31700448a2da96f4a3ccd7f0
241,0x002b302021aef1657d68dae03462c1b4f202422d513be1bae6c150cd2e833f90
242,0x8680b45d71a815b17715df75992dc055bbf2f826b21af1e82275adcef2645838
243,0x7ad0cb22c5421949e35505c10ed327517ac60b851c93d16d8e61182948797dfe
244,0xdc7519b2616a218777bc9bca953bee345caf9f1b0f181dac076d443e11e30c5e
245,0xb17395f6cbdb419ffdae00dd5979adb2eef6da16b21b4e5ae88b98e05ec0b9a7
246,0xf29fabda9546a46757ffae5221a2f2fad67d23393035f63a946d9c4ceffab6e3
247,0x7d757d81d9617d70ff339aed68cd11d97f2af740172b8f21e76ffb7a81b332f8
248,0xec4d7de6d82a05b6dec0330bbf26423c44eeff7cb1fdb92fa44bbb1d61b2a699
249,0x20781773aff6665a0fcc454ca2c7986c91f2e72830d43351ebce896e8a7f5d17
250,0x9c2faf6c1ad79506c032299d86c6c519c66f05b2f7ea06f7ae12f0b674fbbf69
251,0x7e0a22bd096ba0541212c40b71b4f807f28ccb41459e3316dff3dbaa72d0621c
252,0xb0c1b3869cec416ab83bc6cc7d0aaf7f16f3ee9e9dca813125ed921fb5587e2d
253,0xfa8b99de640e97927841d52b891c6c52de248a74f2e539ba8c9455d1a239a196
254,0x9b9dcc77eb076418d29bdfefbe7db5af5152ad60365633f7f9f23dbc3e9be13e
255,0x523ad36b4a4eb8b6c876897e9df2b35db30f831123229560cd19929d1707843f
256,0x4189796770e33620b57b73301b8b1b844e0332a97e6c4cdb206bba3280a58581
257,0x687f6dbef1c933550ca4879fbedf03119047fd3a73af6aa5bd63ad8d114cd9f9
258,0x788c5f34c20709581250fad0aba9856c5b2eb852042570c178f9bcdee02e94f3
259,0x552381926e7056c213bf6a920faa42c058cb652069882f0c20b03b7d7815f74f
260,0x22bf4c905f362402c2d283a2c99ac34424c7eaf8ade545161ce64f53a5ea6831
261,0x59739622b36780340b6d259ae6a89adc7d46c9ff97635754e226aecfd5295ff1
262,0x4202d53c8f8cfa2f6343e03934738eae20bbd2dc78f538dcd9bd2a42039a5fcf
263,0x51cff92aa0d543c55066e670d41ace401b320f9e3b5535d1996d90583881731b
264,0x363415a40f117c562abfba4758e005e2e23ab95182b9c817d3257e2a5c74a591
265,0x2238ce8dca38f55bad4127af3b0345125a4b47d8f01d83ab31609c9c9d09fd84
266,0x7b1b12a874f96916e9f3051c9611e728324e7e4bc4b175152b1e4813f99b61f7
267,0x255e3762e6fea9d21bd4a8e338f03cd3dc46cf76d1ab50332150459d685a4982
268,0x46a254bb8e668ae80f41b8bb12c3b76be7b8502a428acbcf1051897041ff5d6d
269,0xb9534fbc3d3d9c7e45007eee6624c1fce497338d52bc0225ac0156a88cf067bf
270,0x9ac0d37e0dcaa38dc3add4c45f8e3be86c641a7e5b1659c5000a40aaace14080
271,0x486a9b244b0357c85d88fa9105ca015f61b80d4794e9fd6aff06ee4965347483
272,0x2896f475d3e3738f3ab8128f0170e4b689bac2c3e784f6f4f941be4d278349f6
273,0x9903b932279b43e223c725f4b7d901831efc0bb69e0052181986e8086e717db2
274,0xd675826fd5dc9e0999ea544722943e8e42a90f5885ea3a5d5ec2687d7a0f4579
275,0x775cc5c45be381f7f9846a9ec18c99c0050dd4c12e583741e5c5a1d56a4ed5c9
276,0xdd55d4c69ade28b2e09409610cde9d90466485d2b6d35c0ed5bf8c381de9aa4b
277,0x45619bc9bac8e63b5c8d0ba53f8c200378cabf5580f1be7f49e7a931458fd954
278,0x228de8777507bc1f7a18f7b742a962848685b4ffa4626f5d09c45cfc3bd2714f
279,0xe65c3f0c057b4f102f5f6be0b29b25378e1fc540c49b648856291d600b43f6da
280,0x077b591c14e8f73c6f02e7fcc29bedfdbc008190c6fb3abbccdf0b629de203e1
281,0x4a0c771aa4655a83563a8a7cf385070466a48989f73d1c9268bd9d2c081f459d
282,0x5427f3ce89724fcda092668115ecaccebe3c706faf0b61de5711db15d810318a
283,0x4bf4e06653e364a27405cff73a01f0879ce30cd6f0a5b4ec2147528676fc0d20
284,0x84a980fea31a5de6fd7605709601da0ee992556a66e11d2980521cca04bb005d
285,0x26c615f66c6925421db358f8929b9c69f7dd092f32f178c8ef9a913fc7cdf24b
286,0x528f11d247cff989549b600819788767ed2ef73cba360b250bac8bbb8b476b99
287,0x8be1acd27a36c7ccc6aa4f4bee3224fafe0fe937c6b3e6be1eb12820db4261cc
288,0x7e4081bb56d9ba78a0ea5d2ad801ceb37beb6ca218fa1c5c87932a8c82de9357
289,0x12f4b4860fa59410cefd57c26acd20eb2fbda1d958062d3ee47c94c2b3067b0b
290,0x9779e29e799a6a5b9348b35fd5058fd9f9bab262c9ef5f08aec63b2e786ba7c7
291,0x8db1b133f981ecc7a67fef36e42b84a0530871c06bb171b821f1054899d3bb52
292,0x1ac24e1c8e2d3165b8bad62940d0a8a92cfa2d291535f41e2a0bd2b9fee4e742
293,0x139439c6729e00ad00da5877e907605d0302663a315d0452b75d6297a8d9bb9b
294,0x79b518196a635f5089fdcb23759b311e3b90e0be40ac5ba12913ea8ad612fe94
295,0x747caac6f217b014f9f00740fcc9760d2f4183f28baca1823bce7fff0c9b3450
296,0x7a5f21730a0d29a601a2a283859880e2e32572a11f64c72f905112f2e7ed44d0
297,0xe3f7aab6929e669e5156c3686f26c0f9adee00475dd66327b12516f8277c181d
298,0xf18d3d24fe18856d38f3ff3a843a27a2dac45539cbc93b17774081f007268d5a
299,0x333633186435683641d4f315c27ace1f0dc0a02cf5e233773fa99788310a021d
300,0xb0cc92757726c83eb1b124712218c6bd7443d59e1168e836b82bb2abef76a2a6
301,0xd90ff4700e816c3cdb67b1f6b4a226c85fd031b40f28fa76896f85234078e48c
302,0x798480217f9fc18aaaa1c1354edff4ac8cbc5b6298afc88fe5f6b6bd042e33b9
303,0xdffa35a33451b8102cd621fab350d787a10ac0d963314a91d3198823fa6f7e31
304,0xdf5c0b5568ed09e3e3c754e27d8652e0366fa9870e6df1c03213a33c4fa962de
305,0x60ac6b428905bd6231875f7eb443ebebeae93ac5e4ad3b100833383887918c6e
306,0xc8af5efb0839b0d69447434e01fb37fe3865842545d25809eaafc7a00d023962
307,0x009f24ac022c510779beca8314bc91fcc6538a49ea1f0ebec07f2dce43715022
308,0x1ebb5807cb0ac75c708f871ed3d493f7608496c77c8b5b746cfe7a2e06a0e7e2
309,0x0576416176ca16875d562030945e8f53759b3458d698c757625feb956eb85801
310,0xd10bfb1501873f5656a1174f20917de0cfb99df58a66d2d487f094556f9f29b9
311,0x3665ff814c4159fd79e78e5dbd7141734385228101c1e2c35d5e13f40b9385cf
312,0xed8ca589cde5c543a5918b339b51e163e45427558df211c034ed924150c5217b
313,0x74c32169dc62eea432415092c1ea319a460d93612a1e1961a31de1ff8998317a
314,0xa02858a2af3a2f16ba082ee4570ce4dbfcb858123aa2671865fb43e722f9d4cc
315,0x129e4a1bfb35863d35b740c0db2eb119d349f9c8cb47ab643e453f1ed8f372ba
316,0x90861be276ffb8d47ed6f9037ef64e9a4b170813b73a1101703a586f10d10a99
317,0x4163fdd02a41c092484836609d76841c51e9d21fdee0bfc023c698a7c5c558a6
318,0xee47905f259d4e24b6940a7f25c6bdcebf9ae91175678c400fc098c65e1106a9
319,0x6f420e4cd930e8a38829bc768664d67d1c697ecbe273f4683790cd3fb7692cf1
320,0x07f154f17ed8d9e5a2cca64985668b0298e94a16c4dda34b2e8e6527edacc67a
321,0x16270147321b923076ead5db2e09fc98b220aee159f3ab7570a32b371cf44f60
322,0xca96872e55d43c575b67de47407f42919a158122884b385951760ec08de94143
323,0x0c460bee59d20646a31bbaefbeb45384a9187184121023906b5f5a3fe81733ef
324,0xe27e2d58d5e93b28b09e80568ffb898567c7798d880f0c0e13eda88263c5f170
325,0x3b8f0c686b543ad0eae2d752fe89f6e397d700f94732d308f82d37a5efe424b5
326,0xf60f7911fcb40e83d060b7449f60ceaf7b163b63a82433d793670b4cf7065329
327,0xbffbec15c7bab2f75f1f1a8440f34fcf059c3afd1b9be0f3c9c9f1b696406990
328,0x02f42939d1aed237cfb844a600bbb1ad64a54d5b7610e72a18a5a50e3200f7e9
329,0x41c93b83d39ab305c771676c59c905707f4fee0a78973dfec306ff5a4ba34044
330,0x2469507ebd764393cb5405cd6e9f5b25649dbcae80e3273b88b9726cf79d7327
331,0xbc5115786bacd3deae7305943f97090052e8d3523503afd4015db48021908387
332,0x7017db5941920a40ee083523c26b121c9691d995903ab5b6a68372e172b4823e
333,0x8b5737428bb5447893f76e7fd5bd2f69e684e0e3cab356b0058aa8187751bd36
334,0xa0e9fe2d71abb57477b36d0d8ce4ed5009f7b951c6aef7720160620ccce7bf27
335,0x9d47bd4de7deba57da539c904922e5852eae19ed75721d99ce1c5d766884ff53
336,0x0cd775db5fb6817a2e4e064d58d4dc5c8d961b7394e3895f43f66704d64b780a
337,0x8be83c86fe7df7daaf51dceb94989f8edb6bc7c6650a76cd9c9308cbfe3b2bed
338,0x3ab8cea1f6f5abe722b4c73ceefbf046e14271a454395ef8df5c57e55216190f
339,0xd51bba2181e480dd12ee80cd7418008b63d788025af00f86a308df15d73d801d
340,0x6f661128b96fd666ae78ff04018dea2423cfd76cc07edd5823088167d025e0c1
341,0x1db97ca546e5692d58d8f73af91a75fcb901d82bdef35f2c2b64557874c99aae
342,0x3a44ba05a12ed31654e0dc36052d500f8eac3f2c53d6272a03420610f233e672
343,0x4b84fe74f59c6d8f40bdaa45dfb97a84ac1c9f73d9d32be1867f0a0a4f64595a
344,0x17c20c7e0290c3f5d18514ee576a268a72e48302b30ecc39710a329e9499a6f5
345,0x1eacf6c8c8becde27896fe1844bcbf8e1f8378492261debdcc53a43822ae1c65
346,0x38d7429ff35183aed32cd9435ce29139397ff9dda8b0c29b928733b600268b00
347,0xf05b11a7cbf09024cf78927ac06c8d6d7c05feaf9c2bf309f6e7333f8f985de2
348,0x46fe25b2c3d432856e7a6af4195fa4faed89fc2b571a6652a65b420bf2107b0d
349,0xe76d513c0a1d3fdc2a6033c182157fef3c00a417ec70b9ee971fa2273fd839fa
350,0xe851cb5866d71176332a75743782f23e1c53c6dbd4bb62c0dc094726d10a7eab
351,0x7e81205f87bddf50cc5a5e71baf7ea797a6a50c28ee7fcd4888745e695b8aa4a
352,0xebd8e13205bf930e42181d8b24cb8e17e69cd12f046612ddcc6afca9c00dbb18
353,0xc1dc524f3c74dc48e66f52cf08c9422b931372bc42465908e582dc09cdc45ae0
354,0x6885e02cfe5442fb977eceff84d88c9451eece9f3605fc791d65bdac348b473f
355,0x8b65b8466e585e02964a4afb8604ac2a743397220622ea909b3d8c98130f99ff
356,0x3bbc62ca2d98a8dac135c6c6d681f99e5de9fb60962e31885cc75f90d62af58c
357,0xecfc9933cad39e96331ebc9fee12ac46f318fe2b07db77b1cdd589e52c63c044
358,0xc7bacf60e30efb4c9072202f44db24e5a3a7bc56e66d65960518a1a0251d4b5f
359,0xeeee7c425dbeb23de7a8e215f2e63501bdc5abee178e97db4ef9a64d314f0192
360,0x2cee1b704346a8546640cddd8bd942cc55c8bd4f0b8d54a2da2aba85108ec58c
361,0x287f787ad9008376531660ec247e7e795048fd74f591daba59e184b5d9e54250
362,0xcb5d07a97d50b509cbea57f191f9e509ab4a83e089d57a6ce54972d563df958a
363,0x2f686d6cdfab5eb0534415b9c971c585fb33c75a8bcd698ea300e1b69f03088a
364,0xc9e2d3bb35fa197fa0219d576c7ed364f3312deb1410a4c911c941cc1b84e06c
365,0xc31bd38ee980eb7e340ef742c3250a5af43e44314659c3bdc062dc3af0b5a596
366,0x757f94f307598aed3eb72518340a76c2c0358bb3de23ed095d27235995475127
367,0x13cb7190da41fce69d610dacc36b24cc8188c39f3a6726f045a2176c02a21f40
368,0xdc291cc05eaef97d2aaf92787a08cd6016ad19208c32f58228591e5945286772
369,0x3fed5eb565f196526b288c04b473fea52e8ced0f1ef11e2ef7fdad9dd6032359
370,0x3f04c62ac21b35a77bc391366567f3f9306b6af2fa212970fd4d97288de1d035
371,0xa32200aa3a7610f777dbadac605f49030cae73f321884da55f8a1b1789782d1a
372,0xddcc65ad820f9dc6a8a8a3e5b098f9dc32b16b28deb0a20cbdfeabec60502fc3
373,0x7ee2895dda49a6f47b1939d00ba7a033002b8fa7a75e79e96207a3d7e8338226
374,0xc2275839a9a40ddc4678f2745001bcd3406d4aa64e30db2e5ba789fad6dfd8b3
375,0x4eae61f18577e25e7c9481c458b7737438fdde213a3bb6a84bb98cc60acb20ba
376,0xa81c4e6103ce66c101e2a3138c2f99adb0ec32fb9e05dc494213926100bcc46b
377,0x94e82350589b71b31bc81c5026d08e0d6f8d40d70a957f61ab18a188a54ceb65
378,0x912fd84e9e33052222f34b9a1e7f31508e9fe2b5a51e2fcfe589a05aa482ca94
379,0xfdf6c3ab4c1913b3a030b746c588409934b83f036f51a484fde8ab077c9a711b
380,0xe030e52d6df37a9b61b29a33a05dfc2a07a8acbb5999c2805d9db24696295ec3
381,0xfaee3052f6bd2a6257ff637ff731f3d2e120c7920a74005c83d9c2bae629d4f9
382,0x8888d539111e71be72ab8b74909fb490c16b387e16173b1e135033d9926de117
383,0x9dc18341a7e569f37e9a5dd91c625750b1a0197aa372d35b981ad8fb3051aff3
384,0x41431a23dae837154467cb9e6924ec83427204e1ac12e1e68bd9eb109292d3c9
385,0xece08e4d0e5c77e1e53ce7392f00133d4d7a41a2f1cd819e2c8880c526b7b6c6
386,0xfee97bed32674b291dab4f6387e88acdf46d83434ff6ccf9012e6cf7f1b23167
387,0x7ffea8f791a27afb6bc40d04726cdd624be68570a2b5f7211e456c377b91407c
388,0xf23e688d353d26a36a96a8da13efa5ee50fca4134b37dee29c9ebe3df6df0706
389,0xe2c396717f30b0ef9c78f84e9cc1dc641f27dd2c3a2f69cebb38fbc29bcfddbd
390,0x39263e549cd267d234648a56953e411c0a2e8c665cac720c6b1d5f29570b2d2b
391,0xb8b284d2b76a074038bc27445b43bdcc59ef557b2af832753231e0b1fd550c12
392,0x0058d42b8d52295ec561eb308667bb05fb2ee972775d978124f7907d4aae0322
393,0xb0d141445593486123f2909ed5b6c5577a97fd1f27a726f45604b7102ebe757f
394,0x1b9dfbfa8a4cc36f0bb183ee46a9e7c537196a1f2e1e74311dfd07fc0b3d71ce
395,0x0a478ffa3c589f983b97f923507b55182f5529fc2fb284f90facedc9e9469c55
396,0xe06e32c1cd9c6f12cfdd5dfde290943fcd11bd1dce29ac1aae003f84bcba9857
397,0x2faf51f33b789aa49ef16ca977602077b2dda0924aab43bfcb62b8372b090161
398,0x83cc3907e9ed4b09e1000fdcd1d46259ae685f37e7bb1d5fbb3b5e8147feda8b
399,0xabfb751bc61eb93aa025a8dd90b17fc038e6b799e5773509e3a9d4c166cde2cd
400,0x5f780e96feb45348c228500c250d4c936957ddac3312f201dea2fcba73efbd1b
401,0x295af0e143e3360fe1974b98b8ad00d68c5ec8a1db29cd55b15407182209bdb1
402,0x32400f8c574e73cde4e3cb1d4951415f7b092efe6e4f0919ac6c420aba4c1e61
403,0x5efb48efc5100c56d826c6db9fa74a29cc752131453c3f5a2e10060071d7c5c1
404,0xfc0be2fc6fdccc8bc060e038f99414116aa1b1e204b3376ae25fb01aeec924ce
405,0x081003cd30266def1e84c9e5196563d3a50e27677930cdadd5a0113747ad7fba
406,0x7cde50ec52bd303ae8f44f3922d5ab823fd47bc8600785164d532036dfda3b03
407,0xf5167b1c15eb757623c066b9ab6722714fabe7e7a5a73cfe7eee0c165a8632e7
408,0x473766660c3f35f43c19749dfa262e2db60956ed9b7b92137ea5838f7460731d
409,0xe1b570584d890fbc403011e22d4ba341ffb78c46e0bcbbe6ad1d4f89f521965b
410,0xcbd797bf73a7ba274376d668d8cf96c392bc4d327ab7d65155a095b749b7adb3
411,0xd17a7e072ccb23709e8a4e7e07f06eb12a7396efb90f527a1fd6bfd85f15dbb3
412,0xc72c01951789a554c8b15108a17f17b8041c20443a3c559a8edf2d4a36539723
413,0x55c323470016b0dc5d955a3150fce4cc0c066f14f6bd34ac454e6a234336ea82
414,0xc04a8bf6e55ca5d0fcc49f4167588347f4650327855ffe86371f157363723a69
415,0xd10be521de05a6f44648bbcbb121c1e3f5697a8dc666511905c366e7d607cbfa
416,0x214b695bf5a1c67606db3e8218db03286473e78e9e31eb5c3d5ba46195ecf4b7
417,0x0ef3fda60d827cce933873679a85681ca551c0639c9e37abb4dc32d683b46a28
418,0x7d37c472dc0ce44d79050dcbdc12e7d88bdd4e5f3d717a406cfbc3393262ee5f
419,0x7b7c778590031aa6b97a9365f4c780c2f206dcd872e8fc92087e6006db15843d
420,0xe575ff29d33b9169ab1c4156ab217dfd7a2f55f0f88f805bf9eaa8349a6ffaa8
421,0x2aff4bef70ca6737916cbcfaf2ab412897c48ff86f39005ba94b4801d2a544c9
422,0xafd83f2059b13deebd644e92fc1a2794a27bb2515902571d939ec27c3cee34a5
423,0xf5d3c31e42e0b07a543f95b4d374ff349443738dc0ef09c121be83ccf3057968
424,0x772b83ce39c8cf8244c69c80d61567158e44ecbead2cf6e6210631eeefdad4fb
425,0xac35edae5d6d985ce46ba502bb12c15f3c227d016be946915b89c1776af029d6
426,0x3228afdadb11c504eb4d7d441e09cca06764fef5252b24b7ac76069036482e14
427,0xcd0696f6dd3b05978b04bc6339398fcc34f5e8ec4bee0f981ad1a3ba1a0fe99f
428,0xec16bdfdf115993a36d2f67c174c6f2513ec79eb087701bed6011340c1e84024
429,0xb09bb9670a967c36e2c3b3825e3fde535d0fed9d848265111de2ae7871b6f386
430,0xb1556406d9e409a2b05518b141278a3c4404a70f61c2f79105c3cc704e2c4914
431,0xc950ff9f58cd78819cfe9a3b5f61005a1a02c086f032f16c1e279933b79ca3ac
432,0xe9c106c0f11a6e81566204cd3c2871a560992e8f0eed74f783609c1545afefbb
433,0x938a24739db9826c1d04dc43952ee2e9062c72880fac92ab5b8a4feb1985366a
434,0xae073ce202db57cde122caf0136f7be2be3432e8d42d9d340186eb0131b12771
435,0xd60262b1edf71a3d9ab1d3196473174fd611c3c9616ddf135b1e74b94a000de3
436,0x93e7deb5f7ac31fc558b183c3a7bf96475ea8cffe8aa0d6b95e12f016c8c5bb9
437,0xf0694e930553cc0780652f5c868fcf7ec2795041e8bd1b9a04dbe7799499497b
438,0xbcabfa0d0c2989488b845674dbb3dd0ff0bde13ad90f75d9c314c4bace021def
439,0x0ed0de3d4fd03ba7f17ad421d581d4f6e401e268995a13f4b7efd523c7ffb518
440,0xa1dfdf4851d85dd662c6e669c5431d1d11781c7541344afd7d8c9e26b6bd3f08
441,0x73deec5d4e04ef9717f22779e2efa6113f15681fa8bede54a9191ff80365e564
442,0xb78d9d983184c2734fc5f2179d84657af934ed5ada39ae425317b3eb11c28796
443,0x9d360de0a2cb439914c1d0f553cf8c4bdf6fc9b13cad77e15e1e798db4e7d880
444,0x186f3d29f7bd87b4a403f8035f2a5936ac00729cb9b32e6eb7d97550871552e6
445,0x88ecbfc4255ab16f79503cd7cd896ff4ad05ee89e48b4201ec9107580b5f29ec
446,0x5aad56cba76494add2c7742b2c180fa49bdec055d18e5f5cb9ed76a48a79c0a5
447,0x2961271f5197b1c22b103aac2366dd310addb49cbec4af9169ff4adc87f852e4
448,0x7e81205f87bddf50cc5a5e71baf7ea797a6a50c28ee7fcd4888745e695b8aa4a
449,0xebd8e13205bf930e42181d8b24cb8e17e69cd12f046612ddcc6afca9c00dbb18
450,0xc1dc524f3c74dc48e66f52cf08c9422b931372bc42465908e582dc09cdc45ae0
451,0x6746ed3f8e55412bf3c677b6bb964edba6385a22ee3a85e21961414ce1f73a86
452,0xd3b3b84100ff66c2f2bec030cd1fde94f252b2baceb498dbd6258ae8d82f6775
453,0xfd265c3d121f485656d45b5ba6121b1ab0860cd843ca3c5fc4ec73fc7ae6b7cb
454,0xc18b38ba23b8f0e9dcf8d803ee40fa41e29cbd2e55c819255416e2e45a4354d8
455,0xbe2eff76cc7d7ffc4f61112a5856985382027a5fb59d7d1ea68fb39a6ea2a0a8
456,0xb86c124c772af09888a26cf410cfd95ffc3e206c391580ebfd62f2e21486678b
457,0x7ac16d22fdc8c5b890b0da846bf73b02addaf0b5b18e4a33bfb0ff1535eca6fc
458,0xf53277389b34a9992a0708ab86bd6bfb03045b159bc054bb9e1f676cef39e4a1
459,0x962a7b2b3d3d3220e7259c989a56a732d292a8f701fcd21644aaf3b6e517a2f4
460,0xf85129cca4725e5318d01c09a69bfe033e3288172111f1e2e1a424e8f7ebc09f
461,0x8e758b44bbcbc8bdbc3f124ef1811dd7c2ed4d3edd719fafa4f82740766240ca
462,0x3bb9c6082a31bc5c18dff0af3164e8f4e2b1debd4aa45423d0e7f0eef83b9a4e
463,0x6d5d107cae50760ba8f50f13a77c2485ef64b33ed5dcaa4c76269f1921605d03
464,0x835fbb6d50b53eba9cee1d033cdf5692bbda935d90c24f7619d0763df3c3fb82
465,0x95ab049a98dbc0f0d51c240f346053262b15a2a203ebc49c32efc3acf5a9dc44
466,0xd369548ee8dceb2b1496c1d21a2ca41c7cf216d1401779843239bf2993be7c88
467,0x6de33d05b5d74f810baee566bc867e5fafab8c2953878fd4fa79c4a738c2f245
468,0x8e8616efdd55c604d0ed8f717ebf68fb8d112055d4e3bfda398f42d613cad38b
469,0xf9f07013520bedc3ccdb6d4cfa15937c4ba3b7d2c09922021baa16745f4ae1d2
470,0xa7cf4188511eae744752296338feb6c0fa3da165055e9effe6e7cc7a7ee374ac
471,0x53e4850f789902bdaeb9a019d920030b17266fcfca1c10fb90ce73ae5b7d0c13
472,0xf6b94daf1399c1b2a2ac12392f7f2b12809080face71d64abb6930a1feaa4623
473,0x216fb666c13aceef2b10e1efd2df8d82268f2bad9fbd649be676d034fddcdae9
474,0x004115fe381ddc9c4edfa9bcee19deaba98d1712fbcbb91a822ab9193f867c42
475,0x16f2b5490d909aa48899e70eb076d716004ef1cccdc65cb3ddb873f2e9e4d27f
476,0x998d3849386f4f6e6a18b256f455913f69d8aeaf9496f34bb765ab05fba92dc0
477,0xbb5c74fa3a85eca8543b1541cac50e6ff2c55a63cfc743443bc5b5726a21b44b
478,0x5c035a5cb247f66b5ce59579b1dad53c3370ff20a6bf2495f99b4aab96cfcb37
479,0xd0eeb2b47b88ccaf523bad90599d3d8bfa5c3ce590429f0184e0cd897e0c1f44
480,0x885c13587f54e9e93522ec6a2335cdaa244f2ad608d291b8890077935ecc9154
481,0xeeb01dd725ba77b762b61703bdb9c50446fed2d5024797cf60d4aa48cd7ed457
482,0x2327cc4cf1b4b617abf2df1e084bd31a335dc757c05647d74011aeb56d09fa7e
483,0xfab7ea47c9ab637159b1d9ffb150e5ad9fa22608a6ae1cca4fec3cedd774e803
484,0x538f9520205b5bf5f2a2dc0ad444b902a513fd9fad687d9a7184721cfca84517
485,0x7458b5546d10b3f2b31fe1c83a6a154fc3be92ae99f75ed8d84cdd5c65cb185a
486,0xaf5544b0482728935828dd963dde1f25f69409c4ac84e2a1208c203453397287
487,0xf2178f363de09a9afd64f6270aeebdd432066a2f205e6166ca91560446d92c6d
488,0xe2a28b4aa133c98f32ddb3f12b0e3bbf79d6559685e26646f2f7b93b445f45f8
489,0xa03ddce941573efacd54bebbdba6e55432609728e8bf190653c54adc107c15fd
490,0x127445fc5be4ca50b59daea73e0eb0882ba22760addaa9e1f074e3fd5c13bf1d
491,0x45312ecfe3c4994d1b9ddb2247e42a47dfafac3a1c66231b240c0453dc751d42
492,0xd29c001b9accd50bbfd01709cb7bcaf40eb76f64bcad62587f76930f2524594b
493,0x46e49ae66e34727866984ced166b8d3637d8c3f2a1a4dae1fc77fe95c54b10fa
494,0x0b0c33bf54084a59623b5d0263920d1a7dfeb5b3b887e7bc3d41c16a41c05011
495,0xa25009941f5fad21d2390d794c9dfa4dea93ff234788995c2fef5690a8a74ac4
496,0x4cb504a27593babc2c9ce50d916b65c7ae735b49c59a9574bdfbc77968625497
497,0x0ab9d4b4776681761fa8e4e9062fea1d9ad6356bca8d62d7ebba6782e846050a
498,0xa9c40fc5fbd8f50f610c922d3e0636bd2bdc8c88ce975d76d7d93a36268adef7
499,0x7c0e659697896cb1ac178cb0a907b492067c87b2cc1abbbda74396d92cc4f2c8
500,0x93a90b499b689e0d0de26754f8ab952a5a7cfeae35433f49cdc6bd21cbdef103
501,0xff74bc3d367e7ab21ff0bace8f6ceb965ded31c97b66ffa8a8d08d457677a11b
502,0x1ff7d45f3cb5fb36cf9c29afb2d4abf292f00f6deb5612a5920168639044d7a1
503,0xa90b06518ed08695daa637c213821c3e249aedebeb28180e0e60e3fd71041177
504,0xd6183932f41dfca6349a19d626895fd656cb530c4dd6ae4c6bc07009d76db0ba
505,0x05eac22358c49e3e0f44fc863917a21ea3ed7909facfc31fc0ae912bbe31e4aa
506,0x8e8ccb2a8939058581a48cd869aacf02e8dcc43112e3545a564aa36d4b18026d
507,0x9c4b633c8e698dd96bcc39a73c6028ea6853beb26f53cd0fd5c39d5017854338
508,0x2423a86ed2661d4f9d50ee5db5db990b1ff4dfc7ce0259b62589c72697a7b4da
509,0xaff03a8946a7e31ac6a0a504f400289412dba75159a0503567d9a26c49c365f2
510,0xda691cc1ea3e3a8a0f10f7312c38fe43d2b9df648a6b4126d41d9994d9be9089
511,0x4fd85f062f92f476807c368b46730f53312f0c7deda9fa41aeb92481f84915cb
512,0xc95f95d9c1a14d808c129d96ed122dec3add42bf0de443eb729fecd6400015b6
513,0x9f89bc322f71876d532a735e1b15da7d8c79748055f4e28ef5459acfa6e183f0
514,0x5b8121dccba0f15de47c27963cae7ea28ba5c93913c8bc53246bfc6e9983814e
515,0x54b524ba9a31078e2d3aabf3d5016e2ec74ccee7ed437d473d8c1a06f36be47e
516,0x5ed660c441608795052b282774713b4d16c719af29e21420639be8b821e96bcb
517,0x3523b16ce7d76027a124465647ebd5fba1edcb5d93aa6fd86982cdaaffacf851
518,0x9d68362c930a1e025724666670686a0ec7266da053c1433e12de79750c267cb1
519,0xf656ec5763f8d55572a2d7f63b94bec344e2ccb5a50551531b9178fa80be1224
520,0x1c2f319aa03951a130936095d410deb2a6178bf3902d31199a2bfb965400fe78
521,0x7a5df090ba54179763cdb0aa320f4b987236ab41850411eb1faeed73e7908de2
522,0xa60d839ffac3bdaad0b4216d6c331e9b73e392ace4e50961a30f0e79e6afc605
523,0x1165035ff9e7298e56bd9b692dabc97832ed844c031e68b78254ca68ce225c76
524,0xbd480368afdd12e10cf1f13ec0e23c5d95d4df071f92b600ba36b45b675f105b
525,0xcc49cfcc97688962418aec68ec9a34a13b6538defdb2ea0239e043c9fafe1ddc
526,0x0802630cea70b10959a69d51f49cfcbb0f5f3971e0ef9533b909be3881bc1cf8
527,0x1bf53f03c87ac23d25ab55e691d55de807ce64a79a7e611a79c72f1381015c65
528,0xca09b32f64b430517a930fce88993e3fa0f17d150a5328ce3c1aa4c64661e13c
529,0x2821047f0279fdc06df77ac5a4f19775329859ece9e2a59b0ce623e8b7751e27
530,0xd0fc95b4d4e96e6d5455bc56da09d2c541e4495bcb573ce33bff6c491b5ec318
531,0xf27212bc5c4ec377c91c856a2145181953148e630e7f6f0a09359687560c5fb3
532,0x068e277b825537358214bf51636119ec458dbaf400fdd3e77f1f78eb974033b3
533,0xfb6c36fcd44c032a449446b20c70209db040b3cafd476260dd310e4824343f16
534,0x11addccbee7f103183ac0a35149b90c2afa39736783d675299a124be55006b27
535,0xbec24d2453787dfdf4a4f54ce919a5813f3316b806ff4e72351197a259b1546d
536,0x18ba3f092d6c8a048867fc1f2be0d731b21294fb63733727c09c49a7002af696
537,0x5bf877c927da893aca6034bbafb78c2ac61d33e1e25e7661a9f7778131d9093c
538,0xfd0732efb3d15b6c0e2c65162587fd1890bdc2fee2b6fa07986aec70102ed24c
539,0x0d87c9ce5e4f629cd7632fe55db462c5a1f89afccccb1b0f2f7acc96b2b24b9b
540,0x2ef5a5b08afc3a070557a372478380eaf337d597ec0b8138f94097dc9c9652a8
541,0xed2a9687b3bbcdee11bcb0d21f425f20965fadc3979bcab91ac74e0fa7da6144
542,0xfc86f62d2b2203c32c96130ad921f793f6912129b93d17dd00578692d0a2cc7a
543,0xd643d2893a925a533208d6515e65eb0973177044b805f4aff3eff1134dd28fea
544,0xaac9057c2a231eeacf3f11ad947e76101ade7fa47a2935aecf12924ddd8544ef
545,0xf4a99170eaeef778bfbd1649126d60caab41c12901aadb17e98f9baa3089a603
546,0xa883416dae865f63d9af8320de55947cc8a1104a678d71a0be9fa0064ece7334
547,0x385891380da52e2f41b9e27bef7a2b719b8e377b4a3f4d76b29f2b9cd4e51844
548,0xd20eda7469deefa40cc898c0eb28c87e7050d6a0e77bf531a9d819b58b64231d
549,0x80a83f931f86c3e3113078c9a606835078a6ed6aa77444cb56c50bf8d55359de
550,0xa96c0e8568ba1784b4027bcdcd489dc50d2676378deb39d48787edf597973cd6
551,0x74f1abcf3799f262e884a30686151676eff4ce0a7e39af54207fd910a6296266
552,0xf0bdacd29ccfdc64f5fcf0c45931b28b2089389cd29285e54e80bbb3057041b8
553,0xdacc4d28300e7294ba8aedd6faa3edc8b5b7023f066c38002f75a8059b79c14b
554,0xb87a296d355206539555e9eaef8bfbbd5de2c323592ea9a341383c3e8485e20b
555,0x2fef9bb55acb1e46cc99678fb1c01743043dc4ad6e5ec75de5342f30448ff4d5
556,0x45a2eb6e3d32cb9621ea36e7d2e8abeb55d0234796a0198b5e608b805e8b28e5
557,0x479e65ef30b8c4315c00845eddc968702faf7e27dec7997268443e7eec8de8e5
558,0xe3f78b672d971b5f7dccc458ef76491874c54b2a6e4a95b313cf7fdc4bfeac55
559,0x7041b34ef8c3ea932e26c51c15e0e4215aa9673bebcd419b7f65ba463ab5bf72
560,0x9d4015b6ae6d1d84d2131654ce60b628d50b96e967922f28faefde1160380b80
561,0xbdee36fcebf9df51d58418c4a5b93bf33b33fcbfcdeb07f1f157a05f361f8be5
562,0x45c31cb454fa2ab59eb04a9b27ece35e2329103af69397985f5c41c5c6a2e951
563,0x74c7f99ce3ff4b06389acf9336ad43c3d0d7a1f567b5ecb40b4870f25eaf83d5
564,0x1a37fe749caff0dd5421ec6b428bd2ba45728556bc298cba3faf418127648915
565,0xb93d9f9bd581d32773c282c58cc1ad3f99122c36db75ee1f3d9bfb42bddfbc5a
566,0x2fda37f25f2c7078b6791dd6df43f43f5e464dadd2711067787a5c0b1578a1f3
567,0x407ba54746ca0a5d7d7caa19a4dd87876a41f0a9d651922cecbdf8b8b399d227
568,0x02d16125966a8797a11f1aa0441fa1f6c7fdd085bebbab585b80e63fd8464c50
569,0xb440a703e089a8bdc7f73d0fffc8025aa5003195143c9f2095c11990975af235
570,0x4237a7b0ea395f225144ee598891edfb3ae24f85f38419d9ba9763cc0fed9826
571,0xe62d03223b72d350b636727f8e899be8bc71d09910090fa4d87680a2cdbd7cfa
572,0x5d5f1556cd6edfb9ea8b29023511f6df5fff3f505fd448455936d4db0ca1ccd6
573,0xc9561593cd22c8ea31363700750b50e19f537b97449d6cb6445ad70d120815da
574,0x10cffbe57375d8a885e6957b27fdf6eb11544a6d01dd238edfbc3d22ed2a95fb
575,0xd95f341f7355354d9834c6314c870f1ded942f7a2a5536745feb4ecb6f529bdc
576,0xe862db63acea7f6eaa615c2ab3ea387ef06f603570f2c388be8d03e1f11d6862
577,0x9d811eeddb7dbe13e03dba814870fb357cb1e9c949912c8074c59c6d973082cb
578,0xaeb72fcd846e0b974cac2766259a0347cc5cfdd09982b174c6a5e871ba546363
579,0x36dda85336866094f34f0073fb31b07200e014c9571e3c555d39da1daadbd9b9
580,0xbed39ef9b48b2258027b2684cc3a24501545e1aeed28b6c37088c94b37c08d87
581,0x5708a90d13edcdbfbada7e5330826d96dbdcef3b32798e7c11e1af13dbf2169a
582,0xf18489227a387e4d03d0c95cf4f88baccf9538e4b4cbbcb679df5f35fe759126
583,0xdb8ee8bba415b100bf726c279eeb9049129e031e558111f4ab0d9dde13109000
584,0xa94d844a8d693318f64dfe7459d4049272385640e80f74ebd26aa63ea9c5532f
585,0x9148904a879b2bc57702858459de570a452554e302afd941b508b0ac309a3dff
586,0x777b57cebfffd12b42c0b81b1d34aa7f696e62241e866f8afbc99ebf84142097
587,0x4159908cf40e11793279a294e4f96fd6498fc1c85bbfa734c01ccc1e989775fe
588,0x22d858441e4d0d05824618035537216d6bccf5d51c1b1d5ca2a35e2c345636cc
589,0x6ab6635ce9d397b9fe7289fd22b6e14b261c749ffe01b0953cbbd006917ad2f6
590,0x81c84f14158913cdf9a6a83d4ada7daaf86912e04cc146332d00c3173ade0834
591,0xc53e8fba52efa187d687e52e1096e3706b4d45f52dcb643321a71002294e0ebe
592,0x2bf5fec51149c88d32c3697c6be41ee2ceb4c62d3dffaebf1c8e144a7dfda668
593,0xadd4a973209dab1353e4eeab8c594c783cf3cc23a404ebb01118911c46bc22ee
594,0x35a8ebb9b0db6afd93e8c94d77b4c48b960aae208bb5cdfc453ac866393157df
595,0x4704b46471780a1017234a90e6b851c5fac002ae6c8b8f6a5b886d27c81bd89c
596,0x6513697355c5b13f154ed6fc97014628b5103a410963498541be4713f6b4beb4
597,0x9b38eb125e931f220ba4f536c4d133940d392effa6d9ed44ac064aaf04718e1c
598,0xab54999eefa4f1e0ccedbf3978ec6b88d2ad058928ed86611fcc936822a8ead1
599,0x1a1dc6bddae75e096c4d5826ba047db20318a41473e2ed83bf851d930f4c8dec
600,0x5af9c1802b348991402f5785d0e959cde29b2d4d7c4eaeb8a8e25dd63b137c60
601,0x9d4e8781e5b5b24b0bf74aee8b105e66a5ab269f4743e8c43b7dda4567901791
602,0xf0b13e541cf51034ce43e058bbaaf7643f73ab57301f2fab691a2c824e0fcf68
603,0x8bddc1f759ff83580114d99a646fc0d2772d387da4447d65fd7700eb54ebf983
604,0x60d9ffb37b1677a17be70d961eef3a19e89c0ecb87d5d7c627bbe7b050de9d57
605,0x927b51a049a6f27a113afbed4c9beb7ef455c7238df8b44bdb5e8a6060796f91
606,0xba969db8f78827491c44beed28df3fd686b68604163a2e4d999d00c4c75c339c
607,0x6c19ba81ba548d340dae8133cb7547c8022610308da389a2ec79e62b4c3b7390
608,0x8677f8cf013a8d9138b3d1f28b3f031cf31c9bf709052eafa9808e7f35c65981
609,0x2cd086b17f350bf3ab91d233b8850a634b802866861049a37d5e7b15485d7b2d
610,0x6094069830344441a56bae477b7cca45261768958aa89e4f496b0e162ed9ba71
611,0xc444850061a559e6f3bffe89be2a6002118f29cf53e945ae513ec0af63eb9825
612,0xab806d6be9a47ff5a470f91cb25835b01283a2af99faeedf45d52aff8809bdf8
613,0xc6ac322536d684f30f15793a022b2a460f1359c9e30782c4ea3153c18c072f03
614,0xe5314e228b5b88073d5443724a93e50ca40fc3921da7ef462ba6813035965806
615,0x4c834c2f10f9023f520caca7e5980f5a371fb0686c2b25463ced32f7c33ed9cd
616,0xb0ecd9f49252e31abacb81392339dbb2fa820acbca7f96519cb797113fb78da0
617,0x2c367352a14845a93aff37d9e650045ee7391f9a00f63a1f88fbc64df8b9219d
618,0xb191420f4a7ba0c2814793ac3d6127dc835dc5b940b7d4800ba5844d82e40fb7
619,0xc3bfbeaeb21320b7032d553724ccf7e6a64d6e807c969d540def3d819f79b79e
620,0x063682c1e5eec8974e7c0e2e3846cb2d69bbfcaae96bea2c7ced0b0a3bc6206b
621,0x7129cc8f10d8d8a6c93fd36035abe056f6a972838ca2b52e6fe88d420974ccc2
622,0x81b33ff47ad38bab97fe61b8ae12ffc446e33634b8803baeadd42b7428699587
623,0xe8a55f24079192e3321d7fc455025897ff8364ce19f4cfb10c9bdfe85905814e
624,0x6c23b9a95f24e799cc1b810adc4ba6032367f4ccd8521f96bbb4d39c5f7e4c73
625,0xfb0a2fd2b74ca068ea90ca0a90d56fad4c4a549da8fea6c948339bfb9720a8f1
626,0x70ca2094a7684b9e402f17da4d3c4b743d647cbead70f81ba63c1912bdcb2210
627,0xb687647d56a1d036d329885ad949fe3c7166972b8dfa677f3d92e957b5c5d5fe
628,0xcdd9966b390404ea912e85f9742715bbde6ba857c8b6b442c36696d36cb3d242
629,0x4db875f8a19eaa5b13c1b22c6e9ac6e3185fc471d2076039daaa03391e018a55
630,0xb404c1a8ce43fae5157620b061c38bf5e7bd86843be373e842fcdd7bc3150cc3
631,0x2cd7972b6d97a2a2f22f3d7fec4d6f2dcb6ff54b18bf1aa17c2fa5f4ca68b346
632,0xc58755678a44931598cca4960d2c0f6a921f809c726330945e8e5024db03ee16
633,0x6a6cc6ee72f6fea3626b3366f1bb3ccb065cd6022c0bac75fe5595b9d51056fd
634,0xbe62511b9b996791d6fca6fa80b3d29da11d9f1ef553d423610b53b6cca20c13
635,0xb65bddd82f456eac30e77418e882eab0c7b04f7535b7f72a837337257fe524ee
636,0x2c1918381b654cf52662452ce07100054a1f6103815db1e87b32818fc2ff7edc
637,0xc90124787e35cafd07e35062c27712c5893bb171d5a0bb845298888f6d77edc6
638,0xdbc1465b8eb3b173ea811323d2f005137de8c6ab2a5a730abd0e94e7d19ebfa8
639,0x8f0d3cc4337f18707f7e506708eb984b5bea3d9e194db8402c2b48e1a353ebd8
640,0x8b61d458ba55267bbb21f50ecaf8ad0bb29976352bfa36be5a08ce46adc77a18
641,0xd6239b92f43e2f645e31801c13d5dfc55775bd63139bfcffd326fa7049bd4b2c
642,0x442e2d7efe84acd59adfe459e97c6bd0bfc86ddb443b9dd44df78a9fd2d240f6
643,0x5b844d05d4ec1961c0c382a42230bc632eb87265cadd2289c6c9aa76a9c288f7
644,0xdb0b89182e621c0e251f5f5e5982b5cf2a7cb62941cf1cda704c1a9aceae0961
645,0xa66c1ffc40a53623e3373ec2ab7cb255491a8c7f387497c7b0b24f09d262f855
646,0x28aa2ec569d74f39a3b0fbf090ebbe168cadcdec8e374841c37f7f6a95276d27
647,0xdd45c46766ad72669e7871187aa2461a7902ab7439eddc871f3a454b0bc5f131
648,0x29143bf86e522c6e2693b04e6a4dddcad314eac67b28f114629752f20dfa05b7
649,0xa075976eda6071986c900d7a619b9b203d4c47ab7fb6eba4e9d1291e6e3af7a3
650,0xafcab92391f76f3739cfdf3b7560c91d98597e7f8573c1972d0f83e6feac3dca
651,0x72338cd8dde88ecd97c76c0cc3c95524973fa5b61aa50963274d11250c4a4705
652,0xcd04eb7e907f69b54fe8dba3d9849a41793846a3cf6efa647780e4100e6c3492
653,0xd9e9dd95c15b42251d3b2dea52ad9f61ce3f55e09c2ba23f6c96f15588b881c1
654,0x200aa90ffc02a4ec0cc77a7abaaac6021017e0c666a102b25470346c282815e6
655,0x1c864c08a99a3d569bafb8ec00190e0dc2d8a8dbea550bfe1cd4bf7d9220d986
656,0x0ab24b78cb5457c82399a1681a2c2318e34805514eef8c56e4598c6f46212dfa
657,0x67a41943eb8bfb1b5d12cf2eee4349c3fad65bf033ea53b122028b5c8a288463
658,0x1c053f3feef9b0e90c9f800e2e6aab26ecc8f51d29233fe8ec0085479f25690b
659,0xb5263c8b8cc260424b8e72069fd90051110fcd5ccbe39ea826d267b8b0b2eaca
660,0x01d8b7988458e363743a6497533cc8720919c3933f73dbccc14ce503fe6a3f81
661,0xb1eaade705f830f9a465518c809f3d72741bb4dc1790fbb7f76bc7b65bc66a19
662,0xb1b9af21be580f124dbbe38c769d44ec9b183578d934c2c1ed2d4031f59423b5
663,0x6de242f29bb176c8eab7d3b1ea93832c084bfc9fca4ec1e840a77da715cd2b55
664,0xd66d5a51893de4249f4df3fe2978ebc02fcb1f2d5a202f6952951f3a794ac921
665,0x7898440c9df7b43fa16b94d0e73012939b1bfd64742d4b7805c3d52c238a0145
666,0x051ca801ec0903cca97193ff6a983fb7215a6ea85ca08b4d4fba7f931127539c
667,0x8bbde0d0efe926ddefd4893378ecc8e03e495464306e0f79ea409d47d343eda0
668,0x9b6ff339cbcf09eeaf93000c980f7d65f26c8a45ae3de79dcbac1cf950116ded
669,0xcae35f55a3e33372e84e7481079deb377e1771761e2de036fda9f04aebd3696a
670,0xa2e140018fad856545cac18fbf91eb61c117b8d18a94ef54d6ecf44da23e6847
671,0xcb6a7ef048dce72519033a725cea3011e03b9870393f73110addc811ba865b77
672,0x3ea91c315201c362aeed27ece38933e8e0b581294d51144dd21a44f23e3d9807
673,0x7a5819608d89a7428eff7edb3f7c7fcf6edb46945698c526278e05fed91d5fdb
674,0x35f9d84f9a4980da878139c33dcc81d6c9cea18cb8625a5a6f4e8769331a1297
675,0x41383002242cf80215677fa9e9329845dce44728e273d75752fdaeb81a5e81e6
676,0xcfed56d7b403d2a110744be0ee56f1f56c8c3e99465848121b5c0626c7b6de7f
677,0x6a1e5a5cd70f09715adc3627e237d6e2d8e973f8159518746d943a233d9c40e0
678,0xc9ba11e1efa03f7a231e7a6540dd9745d56299a350a6b6015a6834281e2537e7
679,0x93dda20fa3b5b0c3ad92f233d017aa648f6a4d3b533c0bc7ce4798c6d90619e2
680,0xed18bb782bfb16a758cec6872716a0aaffde5d1d834ed1f700c5184195542a2f
681,0xf2f1c0f519fd5a892c33c7da4c4ffef8eebb89ea0aa74c6ce3f0f9c43a135b62
682,0x1b63c4114294b9252f82355ac60f42562a7071ed71a3ecba3b8fe693febf3793
683,0xaba00dfb8f14252fdfa6755049d4063d97b877f8abad62864ef6a5c82bbc3056
684,0x83cfa1596fc04e985f1a068b869cc574211baf6d10ccd062b498f75e1256d59c
685,0xcdd5eeb1bdd0afea115ca68b0542c6957ce9d004e7dc979b6ee993ad898659d3
686,0xc02820dc1594dc0c267805e4cfaeffcf4fc81d1465efb58c587b7427a651a5bd
687,0x7dd445f93dbde03611fe40b6e256590208a3409b2e1cc70c97ec031ededacd89
688,0xf8043c2a4fcbd84f41086ec40cb27adf73df66d5efa178da1f3036a82b20cc80
689,0x7328c531251a1b8ee9da1034aefb6d7c5d8eeb0d3f74cb08f8a732d1fe42a710
690,0xcb626110b3394f07b9de38972844748e4aa383d9b2b562b5f5dc783cf1edef18
691,0xb59824e5a27c0f83e77888b9e6998470ba48483a817a34a06079a3dece361cca
692,0xd4eeb8c1d56cb0663280485a643ae1a0c58ef5480aa5e81a0b43089a6d19a3f6
693,0xb574362fc9b3f3722167d5a15a9e2383d77a3f5fb53fffdb7f3c8effd07e604d
694,0x6c9f19d25d39b770416007caadae178ea48be6df6f844c52b4c1abeccd6a139d
695,0x255f4f618023a9cf51bd52e48d99b31bc1c216c57f36a01687fd086fe3472ac5
696,0x8e05ac8549f111d35ced37efb2d2a1e73453f1558da06449ef75f102f2fdd149
697,0x886463bae5f21a12c9b61dd127d6d94770f682cf4c622339465980e64aeea313
698,0xba53f41b5eaecceaf8cb4c45fb7944e0ceee426a0ef0487fc13a22d6d86a6e46
699,0x863fcfeb7654a5e02a3f39035f9823c8f70f4722cd6e9a02f35925fc292b6450
700,0xabcfc633957e3ddf1a3dccd0e640853684300fbf643b3e10cb059c57721d7cb1
701,0x0fd4acdb16b5c87d68ddc6b7618930c6a641476b3ceb551a5001f9f677ae3b5a
702,0xc4710e85434b736b89249a765b3736028d051ae8bbdd1b29c5289df35bf7b4b7
703,0xff2458b6bde5212e2117b178492b2f5cf8e3fd10c2cfe670521c2d23b902c087
704,0x50ddddd59a44b25fb1e458a4de07afb65d42826eab3a8ea913e8cddfd619783f
705,0x1cc27baf6f6c6d6632eb98371dab92a1d59b63348e3b6f5bf6f73eace6449bdf
706,0xeb6dd6c7ad99d173e2430426343a063245a1e7c6ea7f9226c0a552961e636576
707,0xd033c78c825d57f5f06dea982120231cf2c64c2328f8bf33935871517a5237a8
708,0xee57cdeaf2b7881e2628af670a3bdeb87091b02064a29665210db477ffb39db8
709,0xf3a2d7a04e1d400dc8042631442a60b481f45ad661f858f1d38429eaaeb4c9ae
710,0x3f6c0ee2280ae2f8a402e67abf08e1d4482cb4571722e2eab7320abf694630cc
711,0xb532ca03a5042e24b51ff7a287b4e4e60764b130a414e2c03d36b672dfe1de14
712,0xb605436f5067f2dd55f0217f1d7c904293ae4ea187ac1ae14a895a996725d0b8
713,0xd6fb628403878d8e8f1149d2e6bec2bbfabb988541583f5b01237bf31002fda0
714,0xd5559a0b38c08165aaa02e707a56ce67aa95feb7879f4e87d6a0085032548a7d
715,0xf771e005c24ce352128ea042abf245397f4e64b12d5c8569e7df785b6da35a6b
716,0xd88542cea200cb7f6bdceadaac0d56897937194d8b4b8a328696ecb650466768
717,0xaf8b6a8983693f8aaa2f4574de4de199d9a74bfa08d6bfaa8831e7807cd0af8b
718,0x8cb25da5673cf66e20cef7ed28d5383c218f9fd328dc9ffdfe84db75d007a0c8
719,0xa1e1be1b1614f1d810a8d664f0bb63e659943472038aa0abd8e647ab852af34c
720,0xf74de2b989db5e429b933fba72f46dcd6e7cbd493458c75e18f3b759e958547d
721,0x36c543617e2f469c169a5b0842be621ecc73f2909c4d34cce41a9dfcfaeabc14
722,0xe1ee80467b46ad55ea5850d40d722d079564768d5cca98e07343a934d6472ae4
723,0xbbab5445533bc1421bcb596ed96b5c640225a451ff44f263fc5d3543f02fa5f4
724,0xb473b5c3efa0550f9d636378099d40fd13db151162fd4d90fbdeedac7c257b25
725,0x58fc25e7d401ff8812364f3a0f860de1b8f86496b90a982217d82004a012c7a4
726,0x6d89a097bfcc056c00bc0de6177d7b491408b9beb900a9a4795fc0b266aa8c85
727,0xffadec6c6f2376700b4ce231d7f3beb04fac3fd9815b0c221b80a5ef1157a150
728,0xe11d34552ce41a7198acc2baee289de9e23117199625c27d88e610fb3c43eaea
729,0xde46c4eac8f91f4de9155abd6be87b21fe50ff7fc3c6a4a65a67b4ae34c7f0ff
730,0x769a3bc541cd9939936298fae79b516a9fbba92f82dfcecd5ccffd6a497e769b
731,0xa48e3792544145a010d77b6cfa6f4b581ae8c3220392bb0bfd9501840dd1b858
732,0x3d18ffd8e4d171bcb591fd9a272a95454e23d1dc4da9250e39fc99f79fdde559
733,0x8374d9ee75842457ac3c8e73acb986e0ec6141df24c2270574c57f709d3626b7
734,0xefc6d531b963652f0cb78638b4e5f7bd80d4633c74c022f0f4fbb0083dd6cc1c
735,0x51275fe2ce8717a54f2e8cf14cbb376f53d65d4e18d0615cc98a6e1c335d810a
736,0xf5b97deea2ea9f9cbdf41697cfc8ad1d8a8b6d0db1bef1178c760c57cd2bfe62
737,0x24251717c6757c6c02835d409643176c1032f2bc6afdad6235d044484d062c14
738,0xf2db1aa548add8ef85d18ed3c860b2fce22334b865c202e6b9b16df29240588d
739,0x048842bc64ee80ee5ad8f72b081be454c1c5bc83a1622c87da09e860b19ecc8a
740,0x6905dd0b293dcddaba28cd16c47f81c040e2cef8a8de72f68373704f642852fc
741,0x89482b69fd22d771b30ff9bf1a68e294fdcf41cf29cd1e5f7da99ebdd120fbe5
742,0x27948bb5568f6d09a805be48a616a94558ecf949b54d05fdf55c320fdee3aee8
743,0x3edd042c660c146361127ca6bbfc3a10d7addb080c6c680f14e9058fd603f90e
744,0xa26c6c19c7c577688904954a2edbf2512fb25a3a2f137099aa03befef5282431
745,0x0a6dc7e1febd772ec4d49b2d144801121f9ad3a2f8033e874368c876227b3744
746,0x10fa9a3917767056fdc8ba550958014ee88f335784c43b801eca84c50505e66f
747,0xd7fb67e3bd862d4f34542a628e61d782814d8f356068615fde3217169926147b
748,0x5963fd26f7a2879e2038e003040e891fa0b423b19e23c24bae1a0ba98b5528be
749,0xb3a7366b90f40f7aa1bf732344f68deaafea1acbcfa93cfc83d5df8945ced83e
750,0x08f4ff7b6baabf55897904ebe6fc171ce970f9609cb0ec38abf8543df55fe06d
751,0x180ec92d093bfdb9212a4ff27ab2baffee86fb99ad3a4edc86c8f38647b37e7c
752,0xbe9616a42cd1a56e4698a98bd41a073f3f5d30f7af643c54364412dd02aa7ffa
753,0x28d4145668fe6b118077f5648f2e0366f29f3c05e03b3fa662403e08c8e86b85
754,0xcd55f66a435418bbe38797a219e352d8b062867210db9e62e134d1d670aeee8f
755,0xc0e17952118b9cc23275d589a3341ae04f2c1a7cde36ca39b2ee48c15b6f1abe
756,0x8ea30cddc513b7fd07399f1a069ab5582b4d1bef795c7564cf25e4ed3cd152d9
757,0xdedef0683a2f4da44abfe3490b326ebe232c7dcebe2b830852485d9782a08937
758,0x323ee2c2428d276ea28a0b558df000b1f415f220c207d2ec0f8f3c4c68c4a3f2
759,0x01f289a06121ba8a2e0af09d41cb1f5fb59cea9f51e5189468ec5c733c0e49b6
760,0x347a00e9509340a5e40f134a052053cf73447754935876fd3e64939061627ca9
761,0x503fb3962b185df4117c0927a1e6f96354bfbe2c62fe2bb42dc3e37383404595
762,0x1800cb257911d4d9bb55d6a356a89f1111d74d383575ef51439a77080a0df3e4
763,0x745de6afd021e6c0d80586b4a4a9b223a91366c97e01b834b4c086b3b1dc1973
764,0x917b20504d5ff342887e9aef5e860300af47d4684dfae929f73437c7e657fb44
765,0x99a887bb862e04a54e6f39e1f7b9f02a6da2af9cd2cca988b00381fabf4408f1
766,0x6a092cab2faa036c8e0c44f4f42ff49099327f41de584eb37a4b53bce1a355ca
767,0x878b7c1563eac7134c0addb24806a481ee762aae0e5cda1f4296e9375cfefde0
768,0x165f354ed719c35da075f7367e822cb731c3506ae585b31137d61c0f99f2e30b
769,0x6c13e09a7268bcdf8474dcefa4106e0c67a8641a7bade3cb7f8f1a786832cbef
770,0xb30c124e8cbeb46dc9ed6c7b6828c45d2729a39edf11f55a2079265ad191e2fc
771,0x4dac49e0938ad9af47efea92ccfb961a6e11fd835af4309f00dcd5135094afe4
772,0xa7eaa6e17764357c81a192faa3ad81c34c0eb90aea282a5019a8ed37e7b21e5b
773,0xa43e3a5c6e005f779d8ef4534afce1515bed285c9b0f8cd1b3f52a439773be1e
774,0xe55662e79a75e37146d3cc01eb6cca57bc4e24749b5b3e7048fcc35a13d5edf3
775,0xa797f1fd2e7d8eb3d8f16d0a5e4944c56ad5942afd25275c8e226790b154dd83
776,0x5fc97e628cc35113548da06d0b1953b972b5451bb7114bbc13688381dc394bfd
777,0x910fca781a1b983f1c6725af9ee720aba54ab1cad3f6501548287afaedb38679
778,0xa58ca3907eabe1617bc43ba24d8392283489a0bad82a59300abc697fb82f97b1
779,0x310d56b747555090feb3b542ce4e4022e458b990cb1f143b99d67b3d7098783e
780,0xe00eea7de9b0b4016a69f085971616c0106b5e79a4070eae4474bae5d0437601
781,0x1d88180f341096f77c46b04a689328a5be77be289113960ab780aeb97c665214
782,0x9763203e21951b3bc5f93f7c40b3e4f77d04c7a632a89e3c2ea74ed6e38e9bfb
783,0x6d453602bdafc279494ede8c5b9272d70c0131695c8bd12987fb5a97c811d145
784,0x1a7a68251ac5130562de284cf7200db27750bbc4a82a012b52f2df234e2d006e
785,0x1b99e83718503cb50704d9c090f31ed54d6dbb288d001b22e682dbd74bd581b6
786,0xed61899bba35ac14854166fd98326f4d3ba5057fd31b38871af685d8c7a80a0c
787,0x01675ae940d5495987fb0593d78491779fcee0fb6a355564650243233a2992f1
788,0x83704b3d32ade73ca744195110bfe7619ea459502f1e00a74b7f6be9e90960d3
789,0xe62d410498216ad736c5c0fe8f0137fa80d155abd148dd28376d68e3e244b89e
790,0x41c14d28d32e31d59fefcc90001cb6cc8a30366a00dc80e441b293aac92678a0
791,0x80d454703d04cba37a65c24eafb5705877d601b473c94366fc5bd0d6c04c435c
792,0xe60cf9237424d66b4b9b5d58abc2256dbe0d18cef718acb02470a561a0eaca54
793,0x93a8601d470476de2252c20dd4bb0a7bcbd90c6ecda64954738e35c1ec41f11e
794,0x4c3f50bc03e95f1ee783942fea691aaffca77b33b40b8f0841e40f1c5d5ba76f
795,0xfb1116d67003a35a8de23759ff7d151ea64ac3a1ccd6f0663711580cf228ec24
796,0x534fc7e03e5e1183eb1cd30602a9db8daa575bb26543b2e86f705d6468f3e2f6
797,0xd7bf7107c8e1475c21f0ae36cc2023d686d61b353443c2d3827b6a2afebf54d6
798,0x4467988f5ee4a7789d442d2bc09c3b8e93482752eebf3433242edcbde10a292d
799,0x24a7428c7828ae652f1abc3b6de76b2269f8f0a0ed149bd2118450cfc38677c7
800,0x865a513c116d44f15eaf8842482fe9f8b71df7f9b1f3b3e61b9cb1c080a7a8e8
801,0xae566ade6e4b6126f1864ed97920630e820f42e1dd1bfd7e0011224b55f7a09c
802,0x1779205c33237bdccc12455fb77e623feb2ed57fe07390ab49e4ee5ead393510
803,0xfe9d007704962026019fbdec283489daa66a3900a7bb0b8bc3205efd9ed26ba8
804,0xcd649b3dc91c891775c314b8da01abbc5ba17c05a6fc41b9c84238ad378cee71
805,0x3e8d6745909cc0bb88d4edb04023cfa574ee91a61cd26114046ad0b00046db44
806,0xaefadefd16ba75431617c8450681fd7f9b049b9b85d6e60215ca2f22df80eab2
807,0xcb7f10c29d7ad4fe19fb361a17021209caf2929002ac88e3f138056eb50b79ad
808,0x636465037748cd0835c50fe8a9f4aafad5e2252829e523cd91a8ccd3469a2cf6
809,0xb9612d5ea622bc9667ed1eac14287e2a63d64df635eb5df092d02ca19efb3896
810,0xc4a5ca4adf07f22628067a89c62afa91ba5c00d48a73b8f5bd6d4401fd6e7151
811,0x4df243fb6033184960108455450435bc68fc25ca3e896e0933ad361c556f55ee
812,0xf17423453b42e6263e56f76ddd346b48ae17af2165ba5a329144618ff7bfd58f
813,0xd6d12689b37b7d534a923a15b6af572aa642480c500559a2210ef87aabde15e2
814,0xaf4f0f69ae985be0b1ff56fbdfc074e42c6bd57a2be628e431ebc4a47747a4be
815,0x6b86182dd372078b1cfe16e2e6f5924296a354e3dcec11c263c44b0dc4b86398
816,0x8bdc9526bca96f58a1aae0a01d4b136f395580eba0cbe6ff5786ada5814e687f
817,0x3e3038cdf3989854d4e6008064bec06eb872ab73a9e27f96a092552b3ced8044
818,0x45f8d76c5041dad2288c0cd1976a9a2eccc6380586d9fa2f645116a433e1eb74
819,0x41f051bc24613e1822b9d422d5af5de34ab0b63e1dbd387863fceecd7254fa73
820,0x8f5c0911d8c7b82cd1df82a7f6fc38e7432e73ace9e7ee47e53b69582ecdbbdf
821,0x0d9873fe6d3cd53dff94a951a0418d9dd218a042486c853fe2131d700ea1d4c3
822,0x5d152f490ed2c168bd5050c423af8abf9c7540f2d73c5f9c1d6e91ec2c4562ef
823,0x87aa7493347174f67a581303b1c7ebdb566730c2d233f414348ecfb30accea66
824,0xae26b5fea814f052cbd4225a54f317e5c5a88838041c26176f8c745a8ac47ec1
825,0x2f7c4d7a9d4e931f351a1bdd2b6a26c5393601772b6cc641ded368b9b5449845
826,0x247bbdec35411034628fd73855bde9eb792ef98f9482e0c012cff4732e4871be
827,0xa97f77941a412cf18db9a1a7db78793913e68cfec0440e7ab577bdf3b4cd7797
828,0x92665c342e5b3f3b15b454b574f5fdb3270a809f074c1d20d403a3eb095577e4
829,0xf80bb138901fd2c8780b9b8ef56455f1ae10d70c0744b04441709a3bfc3be010
830,0x7ed902852d3b4efc60269515c96e14c9ae47ee19356f0ad71efc321838372e8e
831,0x73521311cfdc8716b174c6c5f5624ece902b720a09b9dac8bfb46efe697ece71
832,0xecb3918408400e0c17e46a125b3337114bd9805814fe52f40dc20b179acaccad
833,0x66cca5e923a191e2688146c5162532ea0b04e05935a300209751731357b32cf2
834,0x9ab70743a94e9de265f2531cfa29f447181aa8485bfd9ad02236fd79b14a5a83
835,0x85d712346e36ecbb682dfe557a74bc12d40077f950bd275ef98216b54fc63ac7
836,0x5b1bf410e9a493563a5bafd41fd3df702066c80a9c4a81a828f44c965f1ef8f2
837,0xef16c705d67d781204113a0af2a74d5d0a0a87839206e8e7c73e7224b2e00bae
838,0x72ca26d27e05a3c0c8d6e004524a4be6121c8362878c304401f188ac0b161b13
839,0xdceb5995e9e2cc623da40ef9d1472e2b21dcdab7f43342333a3fe00caace880e
840,0xdb37518e44fb038e83881703d0172956f8637f9e8ecb926e198bcb2b0f665bbd
841,0xf9f82731336d6b298c5c923a4ec8e4088059a191516f805dbc40723294643296
842,0x021328a9fad3797360b9e8654e306e53bcf1e2153c03ac21d29a459bbcc8a6bf
843,0xf8645f109b5d95354cbbdbee604981b02b5bede159da46b4a8a94ea2427ff765
844,0x1e484d289a53c1e5fef838b808a57ba28f120d482fef3508d5512253706dae41
845,0xd406541bd1ac3dd939723821ce85a5f1cd3d199d282b750e550e2a7c1adee10e
846,0xca7431b43eb4fe6f17703f5f5089296c87a45ee241426d37075c99ca9bdf8d3a
847,0x776b92130af7c8d38be4560f49a4feeb7d560f1dac3e8a21121efc0714abcfd1
848,0x4b40327e6880a20f4db587150107214c4b836f6b887b3879309c40a66c82dd80
849,0xd5ed350dd7e48e73ebe9901e3dc9e461144239546e86187949413d544c369962
850,0xadb5f5f6f40e1b62a9e6ceacc7db582631c471735c849297ebebb82ce95809c5
851,0xa75ee2fbcac6e985a8db3ad884440fad96693bc4ccdfaec5e072ab7599cbb077
852,0xed51991ef2fd263c76048ddc03913abed0ebe49859b167b0dfc1075f00176656
853,0x246e90e82b6af39e377f4bd427e352536d435c1662c4cc597c7e4adf313d58d2
854,0x414c2a0e920bcfcfa51c476b88f6c81d53b00c9b08eca4513735628f10cd012e
855,0x1a35aab21eac6bacd276ff392ef70f8e460fd4454cc5f9a43ec505223eff8b81
856,0x77af9bb510fa374117c6c092ebfa4a5fb4a5ec7535b86feacf66d3feceec3c8e
857,0x675b3ddd905c36854bd8b24a20a0e7d4952d33443b081ab295014ea0d6cbbcf3
858,0xca75e88721d93cafa06c20b85bf85af9139297ab422e46933887457ad05b9a9e
859,0x62aafe28365ba4ed0bc5224048be62b0f2af951aa4efa26f14776aa83f8a8c2b
860,0x5ed4a9d3f2d2c9f0725748e10f94c117debe1584f605491cbf15fec451e6226f
861,0x5aa65a0e0b4a131146d92ef3961f0654ec06d559d10e43cc885d480572025399
862,0x6da3242935c489a4a30f55fca4f8198f7123f935e4f371dccdef18156633b3d1
863,0x8aac507be67a8ca15f4c706d380694571ca3356c331ad55c4af6826dad230d02
864,0x1a1ca52d602fe365edff63af8043446effcbb429b523cf697e7325e54bdec4d1
865,0xb94b398057bca17146f5fbcf41d050a6d6f2fcb2c3522382b8319a83538335ab
866,0xe9ab4ef436d4115907fbe82a612ce09995144f9b98a5b3a998994c31b8e3c212
867,0x44215509a74520c2a161d08cd434e5a1f2696835c43e83c29f1a635e9817614c
868,0x20f4f11334375420b70a4f6dc93911db0cd51490b811854d0df8f7b5caa0819c
869,0x2f9ca6d2b6b737173e288e2d5483addd82ba379b5e48d599acffb2865d6e5274
870,0xa548665880559b265e24c4dc3da15a3cce2211d2a063dfa82188c6c7a38d6e04
871,0xad4fea2b6db598a0b4b172ee4252db5ebf73a5d0c3d60af7e002cb45d3540687
872,0x7f4fd25f7177a97d5c6b41fd6bb0eb672cc86beeb6c41ca79a1948e1150414c8
873,0x7324f1c7bacc6e9c27676bb01a45c3100c87b1af0db617a9743a9e49020cca19
874,0xfc48381cd6f34932869acd1de040a3865abc50e49bbdcf1eec0c564e9c5e329c
875,0xee0167dd963d0ceb1718d6511d3bbed23ec01a27a4e1c19f85a388fb37ae30b3
876,0x21449bd3a92302e4151d2fe2e3abb678bf36a84b026769ac48e9f44eaf4f8cb6
877,0x7fab46d2d61f47c8fcafe3f3939011a9f269ad85b48935fe92a364109b66dd59
878,0xe31b1add4a427fab62bf3554e0f5ababe6f4fb47182cca84791561bedb6d8243
879,0x47585c337b5174692d4828d66aee8eb2f3ad6a0181094076a9a98afb28b9695e
880,0x44486184e60643d5c57fc79026d8ad6fb8f1284efd0c054cf50fd775d1674730
881,0xc81bf805886078738b3eb1d08a97cc70ef3ed7dfde533fe9b7890680cd351f3d
882,0xfd717430b5663c200a1ebf12a57607ed27de0f08a0c2ca07eb55a437cc0035b5
883,0x1e7e826d6b9a6633d1f8d6667a152894aa2b27f5d2bba9f095f25b58f65465d1
884,0x30563640189b629df54cf2268f0b742f4f7bbed57ea2dc245b6a08697aa78495
885,0xe2848e77a781ee25da51bf4930a55655f34914b21bb643d5d6aed99515cfb7d0
886,0x9dcc23494a63242f3bebfcf4276934c51fd10aa7e507bf81e2d2b66f38d63dea
887,0x2f2977d2de8311c1d451dbb513b1ce7864b4cb715b56b73fa24cdaff271fd8ff
888,0x87dbede214ff3c8076489e8b8f09b1d0b9e0d7e80266e18cf34003e95efa2494
889,0x26b923765118973f686f42d54af6106f5d273d86262b847e65395afba9e96c73
890,0x772d8261894caf11817a12baef6ef762461d389d5f2df026292c142a88f6950a
891,0x4b08ae34a521f93f64f9bd68635f9af8cedab7043bf5a14459a71bcfdc9d80bf
892,0xf38e55738addfc478d152e1d2ac1f23688790424cd1bac8c7ab9c75d148b04a8
893,0xc34c04de41d92348f6b5a3a9900940f5254c123bfd77af82c5c13091e3181f0d
894,0x6130ee5aa409b8bb08007b0e830e7ae7bc74742ed21a96781059f52733a18fb8
895,0x92b9e43947dc60fea800c733c607d5c3094ee19ba68661904119a9574a7c8af0
896,0x0af4123b9f82a492dde74616c29cf2c383073532bf8438517f39e2ff985d584f
897,0xf5f761b0ac30d6d4c65efc804f8662f1e15e677c349036a293aa200fbc76432c
898,0x23b59beac67b9e5b04496bb8252ccd61e8df027abe63ba74703002f3039da517
899,0x4f9e52b3fd6c64ea3c91a9c66d1697174633ce45adda1510f68296150046e5fe
900,0x7213c942e41300cd4e561cad5635d82899af8beb31564028664551ea7efbb1e5
901,0x6f80c0dc16d5c496e9a1f40da8dc64712288b84d2dde7f94f7a774aaa9ce4404
902,0xd4d60ab27d7f4539af8bd480c8423336384eff0ac612ad4f7fadbfc3e4a0596a
903,0xef8bf4484cb32bea1f939f92a4512a25d4c4f9881b16db6608f87835332a2a2b
904,0x037498fed84dd99466d50ae639d9e0067369f8574ecf74f109fbe80ff83d2db6
905,0x9241f10bd7fd9f53e4cda8a8337570810f5cf0317b5d5b1caba95375dac7bd59
906,0xf862c2410f389b0582587befd743b999ab1c014f109ec289fa68761c03d6bf37
907,0xf818d4efd7dca40e1906cd21a830bea85697f59eaa33bfe7344af9e94d5b8072
908,0xfe9c8d9b27dfd122d71e66a4df4fa2e4b7295c43abd3300a4c5c9c2e403ef0a5
909,0x8207e8a5291a8c7398e3264618c9fb4f49443922dbb7edcc5e01bdbe69b50656
910,0xf2ac09d6b1aa4b2a3e2da0fe5595afad89f73eb131f323800d3828a95a80b3ba
911,0x74e30112945208b360e2262c76b704a7a7ece1f28ac05c1adc73bc49ce7e1649
912,0x10aa7743e5590bc98286dee1ad0de562cd47e7e624bc1571d73d4a86bb43fc62
913,0xb16a3d4bb9e9fc91f446fb65a2392552351a0193d098a0e4e7ea74b3219c3866
914,0xc2f4c9d4675c2615b26ee75b3aa6d264ee49084a93a5b584edf088e90864fa21
915,0xa64c9cb4368f1e2f3fcab164ad7f520de89600aa3d101f96c8590f194e2ea8e5
916,0xc4d0200a10bf8efccc66d7cac9958e2c740c6693fe3fc171a56ad3bf355b5068
917,0x74198d3e7ce202f8d98c3160ce8f874683109aa8756d36ad7f7f947ee735ba30
918,0xf394b333c659f7872e204fb0b6962e04c6baa10d795a09b0ab82c1ec57a72bb1
919,0xaf13ff05d971e6c38e791f37440b77fb49a386335d2f8db4dcfd3892f35105f6
920,0xe32b1dbe9975bb38248279e844fffe8004232ed827adfe5b5b4d4e0183220808
921,0xaf885c75e72e30dd16b99fc480a070f7a8799bc2c64ab69daaa431848bb6b17b
922,0x4a2df66c767c11412755086e17685b93189d2f12523699b883a331c9ae40b134
923,0xf879da932d789d047ba19f1dbf615eaa974d5810cbbb75454b35c59e12b4e1f9
924,0x34e09eb977ee89461e777d8072f0dc8d9caba06cf4e580e089008a8daf98e207
925,0x635482cc2bfe7622d8c5d9c11ee9a58974a22a0f904ca76fb6834b597b18187e
926,0x583bcac64c134ba9f1bd0c35fdc16266b2e17fd3e4a508617b42f36e1688033f
927,0x02b55963a833514d83fb9d142737b8949131de212d06ce97ba4e181b067ebd07
928,0x4b3c9cf20682019041692501287ed9de712bf559ba696469a37a12f1cbe861ae
929,0xc299c84fad1de5e6edb3f4c5c87530931978a1f73e5ea432a3e0833f2139135f
930,0xe071a0693aebfdb798e7549afc95b4bfe3028470bb900c107a84561ea1dfd4f6
931,0xa398fd85775fc24bfce6763d72a8a4a2b8e47348343e4ff6eb3ab5f3da440568
932,0x81e85a80e1151edf6ddb74ce716cb3035899d99cc2a5f8f486eaad616e5ab2cd
933,0x60417552807232a1b7c6dfda9f2e6052991fdfb7fc62436c4eb8531be16c2d89
934,0x3375b5ffea67087a0fb98fc79e263699d74c224d8b60ac8c97a2145858e77a3c
935,0x48447f9eadde90710abdc9d53ca213916a8e0c5e653cb13c81ce7e1982af684a
936,0x06ad403af9868159ceb5788ccebb2aeeadfa071a1806e4659fc4c4f26a363541
937,0x9a501da4b4452f96e8362df5400ae68e34a87568a98ac9673e566996de9029f6
938,0x80b47932f3a215df34f6f5c71b4fde3cebb78a460154f44dc9c6d88174d02dc9
939,0x44f9c4460290d0001f1f04fd6f3ac15cffcbdde06ac326f16d7ed9e9d65fc741
940,0x66d3048825aec2d89b9cf7b4f43d431e43253a58cd310a841d2c6ffc70f17627
941,0x471e9c416112f6792ba38835633724671b3913693a73a50a1134a4241cca6acb
942,0x24ac8f7bd744e03d151dedc32b8b5572981982a2b85faf7b42aac8d9c9a7735f
943,0x5aaa4322d2b683db3810f52cc47f8567d3bac719daba27996d638b75a53cced7
944,0x3ce4f6afbb08c1f2b38f238478899e5f3e692c737530181139d4b8fcdb9f402c
945,0x9a1b380af4f785e93caad7abe905a04de8ec412f2f0d2fbdec65a0d32712a09e
946,0x071d22c6b9d1443e348415571675b3e470d723dcb9cbf61ad366023c0eb616f7
947,0xee02061872c6fd4613135fce56601765d6cdf79761717db7a78cce6d231343dc
948,0x67f4feb042ba4894c12deb8ffede3b58c41859060dabb4d1ad1fd2e96778c06d
949,0x4007ec793e3b79f2722963ea5d9550023795876709a47ee568a46478ec31798c
950,0xe23dc75b8a8c0697ced1702690faaf96f41dd5bfda07dd4467a686a442c6342a
951,0xd14d600be2dfe2cf17009a2414d4b35d99808e200e133e4058cdec37c438e46d
952,0xd3307e4106f902f317c6deae6febf477ec9edb330904a959cfb2a123d9037d0c
953,0xcd6a9e608dff02a39b456269c817c4260fdc0894a921e7b6dcd5cb10e9e148d7
954,0x667aa463c403a33f88bd3e431543ced9d1bd56f0283b1f3175a49850a4d9114b
955,0x2942360be1d6847ff1a6808ebc980ddb33a4427a0aab359feaac780f563213b7
956,0x6ba840732d52fe087be7fb3fa0e5b66bf1c65a4038cdac34e23650669b959900
957,0x862edde3ab8ce399a7adaf7cf41a3a09df0d616c2627221f2169c8c1a2e8edcd
958,0xab91e169e88f1c52385febec0fb4eb0ab1b30be710051f2086627171b7b9a3cc
959,0xcd86bf39350a6bbe9fe705f92d0a536aa6b0d4e90a2efcd5d81ff48cbe38fb09
960,0x471a8d6719ab9ce5f12164891beff4049ef39dafa16f5a4fd6d51704ec08797a
961,0xe1202bd5367bbce53a8bd9f787127947f54d6a2f8a14d3fe2e0d4714a7c480b0
962,0xd12b20f207864371652af98a55af684f9a665f9867436fb599f1a111253b9496
963,0xa848961f190e7dbff78073b734d4af6d2f836e6295d781025578ced056381eb5
964,0xc0fd3457f07e4e1571805417ad9cc01d427e775f8bea2c8bd51d78ba78a40d02
965,0xb408262350f64e1a1105eba9c46b19085431e25ad812670da815b5916d345f95
966,0x696c6ae1fc979cbadb1bca571d5a18f332a803544ab877b72b5c9e1c9f479d4d
967,0x183924842b9216c6d7840f56f345fabd089f005d5dd7ffb66a235836dcd3e491
968,0x3a321c04438e51ea905904154cc12cf737de0ca4813ca49f4ba58518686ddec6
969,0xaf30411f1c84b988d64f9c98fd3a9f7dc1dcc535fea4d651f06df4adb467c380
970,0x307c4bdb13d609c25cbd2dc495a374f3539425d28ae3804df2e2115d9041450c
971,0x63e1e8f991b2383fefe3aaf407900fbc05e2d6c172f2e14ad83d3869557e1035
972,0xf91a91d545147dbab7e3e3f10ba2d63c93561ddda72435f8ec3005dbce9dcbc2
973,0xe176db21be66cb05a1b83ba67b1c2805c3d88f518658f37325d58720f27f1ea8
974,0xf2f18328527338a464dedf8f3862a8e6932988d3353b9568f6954828af4bf58a
975,0xc8e11739262034d3aeaaa7978a31de43e507faf3a8aeeb01be284633b1618e3b
976,0x2a32085c467d2a104409e87ba1ec7ef02200ff534f6964aa1d9391328a96f5a9
977,0xf085d9b46106cfe6c600466abaeb7545a7eaf6016a1f7bbaeba7cff1aa50a2d6
978,0x37ce5cf0ddfd76c7ba10198f93e825e3c159e89e8412195eb064c1b5644d17b5
979,0x65d9b4b409578039cfd1dea074ba1efeadc9d52f4104b0af7ca43faedb80cfb3
980,0xa59137463892b425ae054a2abfde9fadb5246aba1a47e6e94e7a40e8fec03be2
981,0xaa61409c42f34d85b9e4d745e8bc45e51c4efce83b0be9b4e5d2e1e5e621a492
982,0xe8f069bdceb7b43e825d7659699431017b8f64573284a47c1509730b381ce053
983,0x17b7a3b815d084160065009afa44478243b117eac577f1a13acb3d9218939e51
984,0xb2f0b21a6039559e77c2b93803fc55201263e7c14ef05a39c3ca8a9515be8920
985,0xd56f8558d81dc9a1251c66ef556c4298fd61e59eab90a98fdc1d55ba9c0e25dd
986,0x597813011c6ff42032509adf1480ee83e4432b2b5bf991a95a8302f8dfe7eece
987,0x2f5a68afc0385189ad30d34579a00bd1c9ed22ee56d42e000014da71efcd274e
988,0x60b4e84543a0ce945a1a193cd3b549fda7d753baed53ae154f91113b16c54d5b
989,0x22cfa4957d8ef8b0646ff1cbce1bd83da6910ae130507b8317e2eb66f654fccb
990,0x13f75ba193e5cdf54bcf6067e8a52fbe4a583409440dc04e37a88d55bedad986
991,0xec118d874d4a26770f3123739e3ab357e4da4452bfd0ed3940a4b8bd8681f13e
992,0x5fdc32b8112920b4c476cffca412d05b147a24b7fef9b153896987dd28285410
993,0x4e8def804c8161f703a66e4d58d0cc03ec769f86841c964044bb17523306ecc4
994,0xcb6aa4f0f3445218b953c898c391e098eddfb581d1942f30f098e5079d3e10b3
995,0xbe0b42dede471c7fd648af32cf029dac57f707b6d182b3c9f5ad0c5e1147369a
996,0xa786318fc826b138ed5b32f5c54b6b2652315976c4868e1a20c1c3bd9727ac47
997,0x616881771dc89bd7c67adecbb13190ad6ece970044b585e1d9e4430fabceee72
998,0xa8e048554baa7b903a81fa923e7e13b58f5a805df0efe569ab92ff74429b075b
999,0xba2d8e52283439218dbbb379fcc23c1685fa946079e886a47758eeb005853ce1
1000,0xb9db5937c9588ead534d7f9800106ca1f7effc3cdf122ce637e06bab610f5d57
